familia,arquivo,pagina,termo,trecho
propriedade_intelectual,ABNT-NBR-17225-Acessibilidade-Digital,9,patente,"atenção para que, apesar de ter sido solicitada manifestação sobre eventuais direitos de patentes durante a Consulta Nacional , estes podem ocorrer e devem ser comunicados à ABNT a qua"
propriedade_intelectual,RelatorioVisitaTecnicaGraficasagosto,5,patente,"máquina de talho doce foi desenvolvida pela própria empresa, foi apresentada à equipe a patente de registro (Anexo II). 01 02 03 04 05 ===== [pag 6] ===== A equipe compareceu no dia 25"
capacitacao_tecnologica,2025.08.15MemriadaReunioCEFIC,3,capacitação,"omunicação, reiterou -se que o foco deve ser a apresentação da CIN à sociedade. Quanto à capacitação e ao fomento à pesquisa, foram mencionadas visitas técnicas realizadas a diversos institut"
capacitacao_tecnologica,2026-06-16-memoria-da-reuniao-cefic,2,capacitação,a. • ProCIN – Foi informado que está sendo elaborado um manual do ProCIN e planejadas a capacitação para equipe e a criação de uma rede para compartilhamento das propostas. • Impacto da Le
capacitacao_tecnologica,4___reuniao_CEFIC_11_10_2023,3,capacitação,re que o governo federal faça a aquisição de equipamentos e distribuía aos estados. Com capacitação dos estados. Pedro sugere um planejamento e construir agendas de conversas especificas
capacitacao_tecnologica,L12527,12,treinamento,tração pública e conscientização do direito fundamental de acesso à informação; II - pelo treinamento de agentes públicos no que se refere ao desenvolvimento de práticas relacionadas à transp
interoperabilidade,2024-08-06_memoria-de-reuniao-3a-reuniao-ordinaria-cefic,2,interoperab,nformações de saúde do MI podem ser coletadas/checadas pelos sistemas do SUS por meio da interoperabilidade. O objetivo é a padronização das informações e não dos sistemas de informações.
interoperabilidade,2024-12-03_memoria-de-reuniao-5a-reuniao-cefic,2,interoperab,m passar pelo processo de legislativo para prorrogação do prazo. Diagnóstico das bases e interoperabilidade será apresentado na próxima reunião. MJSP apresentou o aplicativo para leitura
interoperabilidade,ATA8reudacefic11,2,interoperab,"do cidadão e a possibilidade de “higienização” dos bancos de dados públicos, por meio da interoperabilidade da base de dados da CIN com as bases de dados (cadastros) dos Ministérios, há gra"
interoperabilidade,D10900,2,interoperab,"e 14 de agosto de 2018, na proteção e na limitação do acesso a dados pessoais. Art. 5º A interoperabilidade com a base de dados da Identidade Civil Nacional - ICN, de que trata a Lei nº 13.4"
interoperabilidade,D10900,3,interoperab,o dos Estados e do Distrito Federal. § 2º O número do CPF será utilizado como chave para interoperabilidade das bases biométricas. CAPÍTULO III DA GOVERNANÇA Seção I Da Câmara-Executiva Fe
interoperabilidade,D10900,4,interoperab,"elo Decreto nº 10.977, de 2022) Vigência b) os requisitos de segurança, integridade e interoperabilidade; (Incluído pelo Decreto nº 10.977, de 2022) Vigência c) os padrões biom"
interoperabilidade,D10900,8,interoperab,avaliação da satisfação dos usuários da Plataforma gov.br; VII - adotar o barramento de interoperabilidade da Plataforma gov.br para integração dos sistemas e das bases de dados dos órgãos
interoperabilidade,D10900,8,interoperab,".... I - atenderá aos requisitos de segurança, integridade, validade jurídica e interoperabilidade, nos termos previstos nas normas editadas pela CEFIC; e .........................."
interoperabilidade,D10977,1,interoperab,"tos Art. 8º A Carteira de Identidade atenderá aos requisitos de segurança, integridade e interoperabilidade estabelecidos pela Câmara-Executiva Federal de Identificação do Cidadão - CEFIC. R"
interoperabilidade,D10977,2,interoperab,"es de expedição em formato físico e digital; b) os requisitos de segurança, integridade e interoperabilidade; c) os padrões biométricos a serem utilizados; d) as informações sobre saúde a ser"
interoperabilidade,D10977,6,interoperab,"ital atenderá aos requisitos de segurança, integridade, padronização, validade jurídica e interoperabilidade, observado o disposto em recomendações a serem estabelecidas pela Câmara-Executiva"
interoperabilidade,D11797,4,interoperab,"métrica na expedição do modelo do documento; c) os requisitos de segurança, integridade e interoperabilidade; d) os padrões biométricos a serem utilizados; e) as informações sobre saúde a ser"
interoperabilidade,L13709,15,interoperab,"das normas sobre a matéria. Art. 40. A autoridade nacional poderá dispor sobre padrões de interoperabilidade para fins de portabilidade, livre acesso aos dados e segurança, assim como sobre o"
interoperabilidade,L14534,3,interoperab,"entificação; e II - 24 (vinte e quatro) meses, para que os órgãos e as entidades tenham a interoperabilidade entre os cadastros e as bases de dados a partir do número de inscrição no CPF. Bra"
interoperabilidade,Memoria1aReuniaoCEFIC20250311v2,2,interoperab,"das alternativas de estímulo aos estados para realização de ajustes em seus sistemas com interoperabilidade com o B-Cadastro para possibilitar a inscrição e alteração de CPF, tais como: tra"
interoperabilidade,Memoria1aReuniaoCEFIC20250311v2,2,interoperab,"identificação de dificuldades e limitações administrativas, contratuais e financeiras à interoperabilidade dos sistemas. Foi apresentada pelo MJSP, uma planilha de “Dados do Fundo Nacion"
interoperabilidade,Minuta_RIPD_SIC_GOV_BR1,20,interoperab,"o da conta, aumento do nível de confiabilidade da conta, na autenticação do titular, na interoperabilidade dos dados entre órgãos públicos, que ocorre por meio da autenticação, na alteraçã"
interoperabilidade,Minuta_RIPD_SIC_GOV_BR1,35,interoperab,dos Estados e do Distrito Federal. § 2º O número do CPF será utilizado como chave para interoperabilidade das bases biométricas. ===== [pag 36] ===== MINISTÉRIO DA ECONOMIA Decret
interoperabilidade,Minuta_RIPD_SIC_GOV_BR1,36,interoperab,"ançados, por meio da Estratégia de Governo Digital incluem: - promover a integração e a interoperabilidade das bases de dados governamentais; - disponibilizar a identificação digital ao c"
interoperabilidade,res20,1,interoperab,"onal da Carteira de Identidade Nacional - CIN, como requisito de segurança, integridade e interoperabilidade do Serviço de Identiﬁcação do Cidadão. § 1º Os objetivos, o escopo, os conteúdos e"
interoperabilidade,res21,3,interoperab,"dos algoritmos do motor biométrico, integrados por meio de um sistema que permita a interoperabilidade entre diferentes tecnologias; 3.3. possuir, no mínimo, dois sítios operacionais em"
interoperabilidade,res24,1,interoperab,"l da Carteira de Identidade Nacional - MI-CIN, como requisito de segurança, integridade e interoperabilidade do Serviço de Identiﬁcação do Cidadão - SIC. Parágrafo único. O conteúdo e as estr"
interoperabilidade,res4,2,interoperab,"ÃO AO PROGRAMA CONECTA GOV Assunto: Solicitação de adesão ao programa Conecta gov.br para interoperabilidade dos dados: conferência biométrica e biográﬁca dos cidadãos, de acordo com o decret"
interoperabilidade,res4,2,interoperab,"s na prestação e no controle dos serviços públicos e da eliminação, inclusive por meio da interoperabilidade de dados, das exigências desnecessárias ao usuário quanto à apresentação de inform"
interoperabilidade,res4,2,interoperab,"e fevereiro de 2022, em seu artigo 8º. 3. Solicito adesão ao programa Conecta gov.br para interoperabilidade, conforme detalhamento a seguir: I - Identiﬁcação a. Responsável pelo Instituto qu"
interoperabilidade,res4,4,Interoperab,"ssar a API, o representante técnico do órgão será habilitado na Plataforma de Interoperabilidade do Conecta gov.br e deverá gerar as chaves de acesso às API com assinatura do term"
interoperabilidade,res7,1,interoperab,"al, dos Órgãos de Identiﬁcação e de outros Poderes, e que no âmbito da expedição da CIN a interoperabilidade entre as bases permite que sejam encontradas divergências biográﬁcas e biométricas"
multifornecedor_segundo_motor,20220209semeprojetoidentificacaodocidadao_segunda_reu_ceficv5,2,ABIS,arteiras - a cargo MJSP 5. Apresentação de proposta de ampliação da capacidade do Sistema ABIS Nacional da Polícia Federal a cargo da PF. 6. Apresentação de proposta para dotar os Est
multifornecedor_segundo_motor,20220209semeprojetoidentificacaodocidadao_segunda_reu_ceficv5,5,ABIS,rteiras - a cargo MJSP 5. Apresentação de proposta de ampliação da capacidade do Sistema ABIS Nacional da Polícia Federal a cargo da PF. 6. Apresentação de proposta para dotar os Est
multifornecedor_segundo_motor,20220209semeprojetoidentificacaodocidadao_segunda_reu_ceficv5,6,ABIS,rteiras - a cargo MJSP 5. Apresentação de proposta de ampliação da capacidade do Sistema ABIS Nacional da Polícia Federal a cargo da PF. 6. Apresentação de proposta para dotar os Est
multifornecedor_segundo_motor,20220209semeprojetoidentificacaodocidadao_segunda_reu_ceficv5,7,ABIS,rteiras - a cargo MJSP 5. Apresentação de proposta de ampliação da capacidade do Sistema ABIS Nacional da Polícia Federal a cargo da PF. 6. Apresentação de proposta para dotar os Est
multifornecedor_segundo_motor,20220209semeprojetoidentificacaodocidadao_segunda_reu_ceficv5,8,ABIS,rteiras - a cargo MJSP 5. Apresentação de proposta de ampliação da capacidade do Sistema ABIS Nacional da Polícia Federal a cargo da PF. 6. Apresentação de proposta para dotar os Est
multifornecedor_segundo_motor,20220209semeprojetoidentificacaodocidadao_segunda_reu_ceficv5,9,ABIS,rteiras - a cargo MJSP 5. Apresentação de proposta de ampliação da capacidade do Sistema ABIS Nacional da Polícia Federal a cargo da PF. 6. Apresentação de proposta para dotar os Est
multifornecedor_segundo_motor,2025.08.15MemriadaReunioCEFIC,2,motor biométrico,"a no momento da solicitação. Durante a discussão, abordaram-se limitações técnicas do motor biométrico, com destaque para o fato de que, até o momento, apenas uma digital tem sido enviada à b"
multifornecedor_segundo_motor,2026-05-13-memoria-da-reuniao-cefic,2,segundo motor,mos de compromisso com outros estados estão sendo realizadas . Informou-se também que o segundo motor está sendo adquirido para deduplicação da base e disponibilização do sistema aos estados
multifornecedor_segundo_motor,2026.08.11MemriadaReunioCEFIC,2,motor biométrico,s ambientes para integração estão em andamento. • Serviço Biométrico Federal (SBF) – O motor biométrico e o console de divergências estão em processo de homologação. • Integração com DNV e
multifornecedor_segundo_motor,ata2areuniaodacefic,1,ABIS,– a cargo do MJSP. 2.4. Apresentação de proposta de ampliação da capacidade do Sistema ABIS Nacional da Polícia Federal - a cargo da PF. 2.5. Apresentação de proposta para dotar o
multifornecedor_segundo_motor,ata2areuniaodacefic,2,ABIS,to de viagem. 4.9. O Sr Eduardo Lacerda sugeriu à PF aditivar o contrato para a base do ABIS tenha pelo menos 100 milhões de registros. ===== [pag 3] ===== PRESIDÊNCIA DA REPÚB
multifornecedor_segundo_motor,ATA8reudacefic11,3,ABIS,"gistros, mas com essa nova informação que a empresa contratada comunicou, a ampliação do ABIS ficará para 2023. Solicitou um alerta para a validação das Carteiras de Identidade solici"
multifornecedor_segundo_motor,ata_1_14mar22,4,ABIS,"ue se colocasse em ata a necessidade de melhorar a integração dos Estados com o sistema ABIS implantado na Polícia Federal. Ele também solicitou uma alteração no §2º, do Art 22º do"
multifornecedor_segundo_motor,ata_1_14mar22,4,ABIS,"esse é denominado pacote do Governo Federal aos Estados. Que é fundamental a expansão do ABIS da Polícia Federal, ainda esse ano, para contemplar os processos de armazenamento, veri"
multifornecedor_segundo_motor,Memoria1aReuniaoCEFIC20250311v2,3,Motor Biométrico,ma reunião da CEFIC será apresentada uma minuta do plano de implementação: API Gráficas; Motor Biométrico ABIS; Integração PCIN x SBP; PCIN receberá CIN vindas do SBF; e Integração com biometri
multifornecedor_segundo_motor,Memoria1aReuniaoCEFIC20250311v2,3,ABIS,IC será apresentada uma minuta do plano de implementação: API Gráficas; Motor Biométrico ABIS; Integração PCIN x SBP; PCIN receberá CIN vindas do SBF; e Integração com biometrias TS
multifornecedor_segundo_motor,res21,2,Motor Biométrico,MACHADO Presidente Suplente ANEXO I ESPECIFICAÇÕES TÉCNICAS DO SERVIÇO BIOMÉTRICO FEDERAL Motor Biométrico 1. O Serviço Biométrico Federal contará com motor biométrico capaz de realizar identiﬁcaç
multifornecedor_segundo_motor,res21,2,motor biométrico,O SERVIÇO BIOMÉTRICO FEDERAL Motor Biométrico 1. O Serviço Biométrico Federal contará com motor biométrico capaz de realizar identiﬁcações 1:n (um registro biométrico comparado com todos os regist
multifornecedor_segundo_motor,res21,2,motor biométrico,"o biométrico armazenado) do mesmo registro previamente cadastrado. 1.1. A solução do motor biométrico deverá observar, no mínimo, os seguintes requisitos: 1.1.1. Padrões Técnicos Biométricos:"
multifornecedor_segundo_motor,res21,2,motor biométrico,"Aviation Organization (ICAO), de acordo com a ISO/IEC 29794- 5; e 1.1.1.3. O algoritmo do motor biométrico deverá seguir os padrões e testes mais recentes do NIST, especiﬁcamente o Face Recognitio"
multifornecedor_segundo_motor,res21,3,mais de um fornecedor,"tecnológica: 3.1. estar hospedado em território nacional; 3.2. ter, preferencialmente, mais de um fornecedor dos algoritmos do motor biométrico, integrados por meio de um sistema que permita a"
multifornecedor_segundo_motor,res21,3,motor biométrico,"nacional; 3.2. ter, preferencialmente, mais de um fornecedor dos algoritmos do motor biométrico, integrados por meio de um sistema que permita a interoperabilidade entre diferentes tecn"
multifornecedor_segundo_motor,res22,1,motor biométrico,"................ 1.1.2.3 Caso algum relatório citado não esteja publicado, o algoritmo do motor biométrico deve comprovar a sua participação nos mais recentes testes do NIST, para, quan"
multifornecedor_segundo_motor,res6,2,ABIS,"EFIC: k) Bases dos Estados que possuem Sistemas Automatizados de Identiﬁcação Biométrica (ABIS) e, l) Base do Ministério da Justiça e Segurança Pública. Art. 4º Esta Resolução entra em"
multifornecedor_segundo_motor,res9,2,ABIS,EFIC: i) Bases dos Estados que possuem Sistemas Automatizados de Identiﬁcação Biométrica (ABIS) e ii) Base do Ministério da Justiça e Segurança Pública. Art. 4º A tabela com a in
concorrencia,L13709,1,concorrênc,"o desenvolvimento econômico e tecnológico e a inovação; VI - a livre iniciativa, a livre concorrência e a defesa do consumidor; e VII - os direitos humanos, o livre desenvolvimento da perso"
concorrencia,L13709,11,concorrênc,"o. Art. 24. As empresas públicas e as sociedades de economia mista que atuam em regime de concorrência, sujeitas ao disposto no art. 173 da Constituição Federal , terão o mesmo tratamento di"
concorrencia,Memoria2aReuniaoCEFIC20250422,2,concorrênc,"e o Serviço Biométrico Federal (SBF), ajustando parâmetros técnicos para garantir maior concorrência nas contratações, sem prejuízo da qualidade. A segunda abordou ajustes no modelo infor"
concorrencia,res8,1,competitividade,"aquisição de bens e serviços deve atender, entre outros, aos princípios da eﬁciência, da competitividade, a impessoalidade, da celeridade e da economicidade, resolve: Art. 1º Fica instituído o G"
soberania,2025.08.15MemriadaReunioCEFIC,2,soberan,"rões técnicos por parte de alguns institutos emissores. Também foi debatida a questão da soberania digital da base de dados, sugerindo-se sua migração para armazenamento em território na"
soberania,L12527,7,soberan,as informações cuja divulgação ou acesso irrestrito possam: I - pôr em risco a defesa e a soberania nacionais ou a integridade do território nacional; II - prejudicar ou pôr em risco a co
soberania,L12527,11,soberan,"r prazo determinado, enquanto o seu acesso ou divulgação puder ocasionar ameaça externa à soberania nacional ou à integridade do território nacional ou grave risco às relações internacion"
territorio_nacional,2025.08.15MemriadaReunioCEFIC,2,território nacional,"ão da soberania digital da base de dados, sugerindo-se sua migração para armazenamento em território nacional. Ficou acordado o agendamento de reunião específica para avaliação técnica da base biomé"
territorio_nacional,ata2areuniaodacefic,2,território nacional,"comunicação com os países do MERCOSUL, para comunicar quais documentos estão em vigor no território nacional, para reconhecimento de documento de viagem. 4.9. O Sr Eduardo Lacerda sugeriu à PF adi"
territorio_nacional,D10977,1,território nacional,"ação Civil. Validade Art. 2º A Carteira de Identidade tem fé pública, validade em todo o território nacional e constitui documento de identidade válido para todos os fins legais. Parágrafo único. A"
territorio_nacional,D10977,1,território nacional,"; VIII - a assinatura do dirigente do órgão expedidor; IX - a expressão “Válida em todo o território nacional”; X - a data de validade, o local e a data de expedição do documento; XI - o código de ba"
territorio_nacional,L12527,7,território nacional,irrestrito possam: I - pôr em risco a defesa e a soberania nacionais ou a integridade do território nacional; II - prejudicar ou pôr em risco a condução de negociações ou as relações internacionais
territorio_nacional,L12527,11,território nacional,"sso ou divulgação puder ocasionar ameaça externa à soberania nacional ou à integridade do território nacional ou grave risco às relações internacionais do País, observado o prazo previsto no § 1º do"
territorio_nacional,L13709,1,território nacional,"e estejam localizados os dados, desde que: I - a operação de tratamento seja realizada no território nacional; II - a atividade de tratamento tenha por objetivo a oferta ou o fornecimento de bens ou"
territorio_nacional,L13709,1,território nacional,o fornecimento de bens ou serviços ou o tratamento de dados de indivíduos localizados no território nacional; II - a atividade de tratamento tenha por objetivo a oferta ou o fornecimento de bens ou
territorio_nacional,L13709,1,território nacional,"o fornecimento de bens ou serviços ou o tratamento de dados de indivíduos localizados no território nacional; ou (Redação dada pela Medida Provisória nº 869, de 2018) II - a atividade d"
territorio_nacional,L13709,1,território nacional,"o fornecimento de bens ou serviços ou o tratamento de dados de indivíduos localizados no território nacional; ou (Redação dada pela Lei nº 13.853, de 2019)Vigência III - os dados pessoais objeto"
territorio_nacional,L13709,1,território nacional,"3, de 2019)Vigência III - os dados pessoais objeto do tratamento tenham sido coletados no território nacional. § 1º Consideram-se coletados no território nacional os dados pessoais cujo titular nele"
territorio_nacional,L13709,1,território nacional,tratamento tenham sido coletados no território nacional. § 1º Consideram-se coletados no território nacional os dados pessoais cujo titular nele se encontre no momento da coleta. L13709 https://www.
territorio_nacional,L13709,2,território nacional,"ividades de investigação e repressão de infrações penais; ou IV - provenientes de fora do território nacional e que não sejam objeto de comunicação, uso compartilhado de dados com agentes de tratamen"
territorio_nacional,L13709,4,território nacional,"pública responsável por zelar, implementar e fiscalizar o cumprimento desta Lei em todo o território nacional. (Redação dada pela Lei nº 13.853, de 2019) Vigência XIX - autoridade nacional: en"
territorio_nacional,L13709,4,território nacional,"pública responsável por zelar, implementar e fiscalizar o cumprimento desta Lei em todo o território nacional. (Redação dada pela Medida Provisória nº 1.317, de 2025) XIX - autoridade nacional: en"
territorio_nacional,L13709,4,território nacional,"pública responsável por zelar, implementar e fiscalizar o cumprimento desta Lei em todo o território nacional. (Redação dada pela Lei nº 15.352, de 2026) Art. 6º As atividades de tratamento de da"
territorio_nacional,L7116,1,território nacional,"ão dos Estados, do Distrito Federal e dos Territórios tem fé pública e validade em todo o território nacional. Art 2º - Para a expedição da Carteira de Identidade de que trata esta Lei não será exigi"
territorio_nacional,L7116,2,território nacional,s de Identidade emitidas anteriormente à vigência desta Lei continuarão válidas em todo o território nacional. Art 12 - Esta Lei entra em vigor na data de sua publicação. Art 13 - Revogam-se as dispo
territorio_nacional,MICIN_VERSO_Enviada_PUBLICAO_RESOLUO_24.2025,3,território nacional,"o titular, conforme IBGE Países. Regras Negociais: - Nos casos de titular nascido fora do território nacional (estrangeiro naturalizado, brasileiro nascido fora do território nacional, ou português"
territorio_nacional,MICIN_VERSO_Enviada_PUBLICAO_RESOLUO_24.2025,3,território nacional,"ascido fora do território nacional (estrangeiro naturalizado, brasileiro nascido fora do território nacional, ou português equiparado, obrigatoriamente, deve ser indicado o país de nascimento pela"
territorio_nacional,MICIN_VERSO_Enviada_PUBLICAO_RESOLUO_24.2025,3,território nacional,"de nascimento pela tabela atualizada de Países IBGE. - Para brasileiros nascidos fora do território nacional e em país não reconhecido pelo Brasil, deve-se registrar o país reconhecido pelo Brasil"
territorio_nacional,Minuta_RIPD_SIC_GOV_BR1,30,território nacional,geográfica do tratamento Os dados pessoais associados à conta do gov.br são tratados em território nacional (Brasil). 3.3 – CONTEXTO DO TRATAMENTO Nesta seção são destacados: • natureza do rel
territorio_nacional,res2,1,território nacional,"obrigatoriamente, nas dependências de uma única unidade fabril, localizada em território nacional, não podendo serem produzidas separadamente, visando a segurança das Cédulas d"
territorio_nacional,res2,2,território nacional,"lvimento da solução deverá ser executado obrigatoriamente nas dependências, localizada em território nacional, da empresa credenciada. § 3º O presente credenciamento provisório terá validade"
territorio_nacional,res21,3,território nacional,"eguintes requisitos de infraestrutura e de solução tecnológica: 3.1. estar hospedado em território nacional; 3.2. ter, preferencialmente, mais de um fornecedor dos algoritmos do motor bi"
territorio_nacional,res23,8,território nacional,"7 of 23 4/27/2026, 3:23 PM ===== [pag 8] ===== - Nos casos de titular nascido(a) fora do território nacional (estrangeiro(a) naturalizado(a), brasileiro(a) nascido(a) fora do território nacional, ou"
territorio_nacional,res23,8,território nacional,"do território nacional (estrangeiro(a) naturalizado(a), brasileiro(a) nascido(a) fora do território nacional, ou português(a) equiparado(a)), obrigatoriamente, deve ser indicado o país de nascimento"
territorio_nacional,res23,8,território nacional,"imento pela tabela atualizada de Países IBGE. - Para brasileiros(as) nascidos(as) fora do território nacional e em país não reconhecido pelo Brasil, deve- se registrar o país reconhecido pelo Brasil"
territorio_nacional,res24,6,território nacional,"do titular, conforme IBGE Países.Regras Negociais:- Nos casos de titular nascido fora do território nacional (estrangeiro naturalizado, 3 caracteres. 3 caracteres. RESOLUÇÃO Nº 24, de 8 DE SETEMBRO"
territorio_nacional,res24,7,território nacional,"-2025-655731771 6 of 22 4/27/2026, 3:24 PM ===== [pag 7] ===== brasileiro nascido fora do território nacional, ou português equiparado, obrigatoriamente, deve ser indicado o país de nascimento pela t"
territorio_nacional,res24,7,território nacional,"s de nascimento pela tabela atualizada de Países IBGE.- Para brasileiros nascidos fora do território nacional e em país não reconhecido pelo Brasil, deve-se registrar o país reconhecido pelo Brasil e"
blockchain,res30,1,blockchain,"stentes nos órgãos intervenientes de emissão da CIN. Art. 4º O SCF-CIN adotará tecnologia blockchain. §1º Os órgãos executores do SIC e os OICs registrarão na redeblockchain, nas etapas de s"
blockchain,res30,1,blockchain,"otará tecnologia blockchain. §1º Os órgãos executores do SIC e os OICs registrarão na redeblockchain, nas etapas de sua responsabilidade, as informações geradas no âmbito de suas com"
blockchain,res30,1,blockchain,"o âmbito de suas competências conforme diagrama da ""máquina de estados"". §2º A redeblockchaindo SCF-CIN permitirá aos órgãos executores do SIC e OICs acesso integral ao conjunto dos d"
blockchain,res30,1,blockchain,"abrangência nacional, poderão ser incluídas, mediante aprovação da Ceﬁc, como nós na rede blockchain SCF-CIN para registro dos resultados dessas validações. Art. 5º O controle do ﬂuxo de emi"
blockchain,res4,3,Blockchain,de do compartilhamento e das ﬁnalidades de uso dos dados solicitados: Nome da API ou Rede Blockchain Solicitada Volumetria Anual Solicitada Finalidade do Tratamento de Dados -Conferência Bio
bancos,Memoria1aReuniaoCEFIC20250311v2,2,bancári,"astro para possibilitar a inscrição e alteração de CPF, tais como: tratativas com a rede bancária, setor terciário, Febraban, Serasa e outros atores importantes. O colegiado sugere um"
bancos,Memoria1aReuniaoCEFIC20250311v2,2,Febraban,"nscrição e alteração de CPF, tais como: tratativas com a rede bancária, setor terciário, Febraban, Serasa e outros atores importantes. O colegiado sugere um a articulação e diagnóstic"
bancos,Memoria1aReuniaoCEFIC20250311v2,2,Serasa,"e alteração de CPF, tais como: tratativas com a rede bancária, setor terciário, Febraban, Serasa e outros atores importantes. O colegiado sugere um a articulação e diagnóstico dos es"
bancos,Memoria1aReuniaoCEFIC20250311v2,3,bancári,"issão da CIN, e para o cidadão, uma identificação mais segura . Destaca-se que o sistema bancário tem interesse na evolução do projeto e futuras integrações. Nesse sentido, foi recomend"
bancos,Memoria1aReuniaoCEFIC20250311v2,3,Febraban,"s integrações. Nesse sentido, foi recomendada a inclusão do tópico de articulação com a Febraban, no cronograma. 5. Encaminhamentos 5.1. A proposta do Planejamento CEFIC para 2025"
bancos,Minuta_RIPD_SIC_GOV_BR1,9,bancári,"por meio de bancos credenciados, é necessário que o titular se autentique com sua conta bancária, através de Bancos credenciados ao Serviço conta gov.br, neste processo, o Banco compar"
fomento,2025.08.15MemriadaReunioCEFIC,3,fomento,"rou -se que o foco deve ser a apresentação da CIN à sociedade. Quanto à capacitação e ao fomento à pesquisa, foram mencionadas visitas técnicas realizadas a diversos institutos emissores"
fomento,2026-05-13-memoria-da-reuniao-cefic,2,Fomento,"a apresentação dos informes gerais. Foram destacados os avanços do Programa Nacional de Fomento à Gestão e Emissão da Carteira de Identidade Nacional - ProCIN, por meio da efetivação do"
fomento,L12527,1,fomento,III - utilização de meios de comunicação viabilizados pela tecnologia da informação; IV - fomento ao desenvolvimento da cultura de transparência na administração pública; V - desenvolvime
fomento,L12527,12,fomento,a federal responsável: I - pela promoção de campanha de abrangência nacional de fomento à cultura da transparência na administração pública e conscientização do direito fun
acuracia,Memoria2aReuniaoCEFIC20250422,2,acurácia,"a memória. Em acréscimo ao planejamento, foi proposta a criação de um teste nacional de acurácia de motores biométricos para reduzir a dependência de padrões internacionais no sistema b"
acuracia,res21,2,Acurácia,"chnology Evaluation (FRTE) 1:N para face e o MINEX III para impressões digitais; e 1.1.2. Acurácia: 1.1.2.1. quanto às impressões digitais, de acordo com o teste FpVTE (Fingerpr"
acuracia,res22,1,acurácia,"centes testes do NIST, para, quando da sua publicação, o processo de aferição da acurácia possa ser realizado na proporção descrita nesta Resolução"" (NR). Art. 2º Esta Resolução e"
nist_nfiq,MICIN_VERSO_Enviada_PUBLICAO_RESOLUO_24.2025,7,NIST,"utados ou dedos que não estavam disponíveis, no momento da captura, conforme padrão ANSI/NIST-ITL 1-2011. Regras negociais: - Campo obrigatório quando houver menos de 10 fotografias d"
nist_nfiq,res21,2,NIST,"ões Técnicos Biométricos: 1.1.1.1 Os dados da impressão digital devem atender aos padrões NIST Fingerprint Image Quality (NFIQ) 2, de acordo com a ISO/IEC 29794-4; 1.1.1.2. Os dados da"
nist_nfiq,res21,2,NFIQ,"1 Os dados da impressão digital devem atender aos padrões NIST Fingerprint Image Quality (NFIQ) 2, de acordo com a ISO/IEC 29794-4; 1.1.1.2. Os dados da face serão submetidos ao padrão"
nist_nfiq,res21,2,NIST,"1.1.3. O algoritmo do motor biométrico deverá seguir os padrões e testes mais recentes do NIST, especiﬁcamente o Face Recognition Technology Evaluation (FRTE) 1:N para face e o MINEX I"
nist_nfiq,res21,2,MINEX,"do NIST, especiﬁcamente o Face Recognition Technology Evaluation (FRTE) 1:N para face e o MINEX III para impressões digitais; e 1.1.2. Acurácia: 1.1.2.1. quanto às impressões digita"
nist_nfiq,res21,2,NIST,"gitais, de acordo com o teste FpVTE (Fingerprint Vendor Technology Evaluation) (NIST.IR.8034), seu substituto FRIF TE E1N (Friction Ridges Image and FeaturesTechnolo"
nist_nfiq,res21,3,NIST,"do teste FpVTE (tabela 15). 1.1.2.2. quanto às imagens faciais, de acordo com o teste do NIST FRTE 1:N Identiﬁcation, ou posterior: 1.1.2.2.1. o resultado da FNIR a um FPIR ﬁxo de 0,0"
nist_nfiq,res22,1,NIST,"o motor biométrico deve comprovar a sua participação nos mais recentes testes do NIST, para, quando da sua publicação, o processo de aferição da acurácia possa ser reali"
nist_nfiq,res23,16,NIST,"putados ou dedos que não estavam disponíveis, no momento da captura, conforme padrão ANSI/NIST-ITL 1-2011. Sem representação. Sem representação. Art. 3º, f, da Lei nº 7.116/83;Art. 11,"
nist_nfiq,res24,15,NIST,"putados ou dedos que não estavam disponíveis, no momento da captura, conforme padrão ANSI/NIST-ITL Sem representação. Sem representação. Art. 3º, f, da Lei nº 7.116/83; Art. 11, VII, d"
policiafederal_aditivo,20220209semeprojetoidentificacaodocidadao_primeira_reu_ceficv6,3,Polícia Federal,"a da República; * dois do Ministério da Justiça e Segurança Pública, um dos quais será da Polícia Federal; e * dois do Ministério da Economia, dos quais: - um da Secretaria Especial da Receita Fe"
policiafederal_aditivo,20220209semeprojetoidentificacaodocidadao_primeira_reu_ceficv6,5,Policia Federal,beiro Titular1 : Washington Leonardo Guanaes Bonini Suplente1: Bruno Andrade Costa Da Policia Federal Titular2 : Jade Kende Gonçalves Umbelino Suplente2 : Paulo Ayran da Silva Bezerra Da
policiafederal_aditivo,20220209semeprojetoidentificacaodocidadao_primeira_reu_ceficv6,16,Policia Federal,beiro Titular1 : Washington Leonardo Guanaes Bonini Suplente1: Bruno Andrade Costa Da Policia Federal Titular2 : Jade Kende Gonçalves Umbelino Suplente2 : Paulo Ayran da Silva Bezerra Da
policiafederal_aditivo,20220209semeprojetoidentificacaodocidadao_segunda_reu_ceficv5,2,Polícia Federal,o MJSP 5. Apresentação de proposta de ampliação da capacidade do Sistema ABIS Nacional da Polícia Federal a cargo da PF. 6. Apresentação de proposta para dotar os Estados de infraestrutura tecno
policiafederal_aditivo,20220209semeprojetoidentificacaodocidadao_segunda_reu_ceficv5,5,Polícia Federal,MJSP 5. Apresentação de proposta de ampliação da capacidade do Sistema ABIS Nacional da Polícia Federal a cargo da PF. 6. Apresentação de proposta para dotar os Estados de infraestrutura tecno
policiafederal_aditivo,20220209semeprojetoidentificacaodocidadao_segunda_reu_ceficv5,6,Polícia Federal,MJSP 5. Apresentação de proposta de ampliação da capacidade do Sistema ABIS Nacional da Polícia Federal a cargo da PF. 6. Apresentação de proposta para dotar os Estados de infraestrutura tecno
policiafederal_aditivo,20220209semeprojetoidentificacaodocidadao_segunda_reu_ceficv5,7,Polícia Federal,MJSP 5. Apresentação de proposta de ampliação da capacidade do Sistema ABIS Nacional da Polícia Federal a cargo da PF. 6. Apresentação de proposta para dotar os Estados de infraestrutura tecno
policiafederal_aditivo,20220209semeprojetoidentificacaodocidadao_segunda_reu_ceficv5,8,Polícia Federal,MJSP 5. Apresentação de proposta de ampliação da capacidade do Sistema ABIS Nacional da Polícia Federal a cargo da PF. 6. Apresentação de proposta para dotar os Estados de infraestrutura tecno
policiafederal_aditivo,20220209semeprojetoidentificacaodocidadao_segunda_reu_ceficv5,9,Polícia Federal,MJSP 5. Apresentação de proposta de ampliação da capacidade do Sistema ABIS Nacional da Polícia Federal a cargo da PF. 6. Apresentação de proposta para dotar os Estados de infraestrutura tecno
policiafederal_aditivo,20220209semeprojetoidentificacaodocidadao_segunda_reu_ceficv5,10,Policia Federal,beiro Titular1 : Washington Leonardo Guanaes Bonini Suplente1: Bruno Andrade Costa Da Policia Federal Titular2 : Jade Kende Gonçalves Umbelino Suplente2 : Paulo Ayran da Silva Bezerra Da
policiafederal_aditivo,2024-07-02_memoria-de-reuniao-2a-reuniao-ordinaria-cefic,2,Polícia Federal,romoção de Direitos Humanos Ricardo A. Saadi Diretor de Combate ao Crime Organizado Polícia Federal/MJSP Rodrigo Teixeira Diretor de Polícia Administrativa Erismar Paixão R. Silva Direto
policiafederal_aditivo,2025.07.10MemriadaReunioCEFIC_FINAL,1,Polícia Federal,io da Justiça e Segurança Pública - MJSP Coordenador-Geral de Inovação Priscilla Roscia Polícia Federal - PF Diretora Substituta do Instituto Nacional de Identificação Reriton Weldert Gomes
policiafederal_aditivo,2025.09.09MemriadaReunioCEFIC,1,Polícia Federal,eiredo Secretaria Nacional de Segurança Pública - SENASP/MJSP Diretora Priscilla Roscia Polícia Federal - PF/MJSP Diretora Alex Halti Cabral Instituto Nacional de Identificação – INI Diretor
policiafederal_aditivo,2026.02.11CEFICMemriadareuniov2,2,Aditiv,"2021 , vencerá em março de 2026, e a proposta é prorrogar por mais cinco anos. O Termo Aditivo apresenta as seguintes alterações: a) a titularidade dos partícipes: de ""Secretaria -Ge"
policiafederal_aditivo,3_reuniao_cefic_10_08_2023,2,Polícia Federal,"l, pelo uso de documentação falsa no ano de 2022. Esse cenário se repete ano após ano. A Polícia Federal e Dataprev possuem números em torno de 7 vezes maior do que isso por ano, perfazendo qu"
policiafederal_aditivo,ata2areuniaodacefic,1,Polícia Federal,SP. 2.4. Apresentação de proposta de ampliação da capacidade do Sistema ABIS Nacional da Polícia Federal - a cargo da PF. 2.5. Apresentação de proposta para dotar os Estados de infraestrutura
policiafederal_aditivo,ata2areuniaodacefic,2,Polícia Federal,(MJSP) Rodrigo Lange Convidado -Diretor MJSP Jade Kende Gonçalves Umbelino Titular Polícia Federal Paulo Ayran da Silva Bezerra Suplente Polícia Federal André de Cesero Convidado SERPRO
policiafederal_aditivo,ata2areuniaodacefic,2,Polícia Federal,ende Gonçalves Umbelino Titular Polícia Federal Paulo Ayran da Silva Bezerra Suplente Polícia Federal André de Cesero Convidado SERPRO 4. Relato 4.1. A reunião foi aberta pelo Sr Eduard
policiafederal_aditivo,ata2areuniaodacefic,2,aditiv,"nal, para reconhecimento de documento de viagem. 4.9. O Sr Eduardo Lacerda sugeriu à PF aditivar o contrato para a base do ABIS tenha pelo menos 100 milhões de registros. ===== [pa"
policiafederal_aditivo,Ata3aReuCEFIC1,2,Polícia Federal,rvalho Barbosa Convidado Receita Federal do Brasil Jade Kende Gonçalves Umbelino Titular Polícia Federal Paulo Ayran da Silva Bezerra Suplente Polícia Federal Rerilton Welter Gomes Convidado R
policiafederal_aditivo,Ata3aReuCEFIC1,2,Polícia Federal,e Kende Gonçalves Umbelino Titular Polícia Federal Paulo Ayran da Silva Bezerra Suplente Polícia Federal Rerilton Welter Gomes Convidado Receita Federal do Brasil Rafael Neves Carvalho Convida
policiafederal_aditivo,Ata4aReu_CEFIC1,2,Polícia Federal,) Bruno Andrade Costa - Suplente Diretor no MJSP Jade Kende Gonçalves Umbelino Titular Polícia Federal Paulo Ayran da Silva Bezerra Suplente Polícia Federal 4. Relato 4.1. A reunião or
policiafederal_aditivo,Ata4aReu_CEFIC1,2,Polícia Federal,e Kende Gonçalves Umbelino Titular Polícia Federal Paulo Ayran da Silva Bezerra Suplente Polícia Federal 4. Relato 4.1. A reunião ordinária foi aberta pelo Sr. Eduardo Lacerda – Secretári
policiafederal_aditivo,Ata5aReu_CEFICv4,1,Polícia Federal,Federal do Brasil(RFB) do Ministério da Economia Jade Kende Gonçalves Umbelino Titular Polícia Federal ===== [pag 2] ===== PRESIDÊNCIA DA REPÚBLICA SECRETARIA-GERAL SECRETARIA ESPECIAL DE M
policiafederal_aditivo,ATA8reudacefic11,2,Polícia Federal,ca(MJSP) Rodrigo Lange Convidado Diretor MJSP Jade Kende Gonçalves Umbelino Titular Polícia Federal Juliano Brito da Justa Neves Suplente RFB Paulo Ayran da Silva Bezerra Suplente Políci
policiafederal_aditivo,ATA8reudacefic11,2,Polícia Federal,"ederal Juliano Brito da Justa Neves Suplente RFB Paulo Ayran da Silva Bezerra Suplente Polícia Federal 4. Relato 4.1. A reunião foi aberta pelo Sr. Eduardo Gomes da Silva, Secretário Espe"
policiafederal_aditivo,ata_1_14mar22,2,Polícia Federal,blica(MJSP) Rodrigo Lange Convidado -Diretor MJSP Jade Kende Gonçalves Umbelino Titular Polícia Federal Paulo Ayran da Silva Bezerra Suplente Polícia Federal 4. Relato 4.1. A reunião foi abert
policiafederal_aditivo,ata_1_14mar22,2,Polícia Federal,"e Kende Gonçalves Umbelino Titular Polícia Federal Paulo Ayran da Silva Bezerra Suplente Polícia Federal 4. Relato 4.1. A reunião foi aberta pelo Sr Luiz Eduardo Ramos, Ministro de Estado Chefe"
policiafederal_aditivo,ata_1_14mar22,3,Polícia Federal,Segurança Pública Sr Washington Leonardo Guanaes Bonini Sr Bruno Andrade Costa 4.5.4.Da Polícia Federal Sr Jade Kende Gonçalves Umbelino Sr Paulo Ayran da Silva Bezerra 4.5.5.Da Secretaria Es
policiafederal_aditivo,ata_1_14mar22,4,Polícia Federal,"ata a necessidade de melhorar a integração dos Estados com o sistema ABIS implantado na Polícia Federal. Ele também solicitou uma alteração no §2º, do Art 22º do Regimento Interno, sugerindo"
policiafederal_aditivo,ata_1_14mar22,4,Polícia Federal,"nominado pacote do Governo Federal aos Estados. Que é fundamental a expansão do ABIS da Polícia Federal, ainda esse ano, para contemplar os processos de armazenamento, verificação e identificaç"
policiafederal_aditivo,Atada6reuniaoCEFIC.v2,2,Polícia Federal,Ministério da Justiça e Segurança Pública (MJSP) Jade Kende Gonçalves Umbelino Titular Polícia Federal Paulo Ayran da Silva Bezerra Suplente Polícia Federal Rerilton Welter Gomes Convidado R
policiafederal_aditivo,Atada6reuniaoCEFIC.v2,2,Polícia Federal,e Kende Gonçalves Umbelino Titular Polícia Federal Paulo Ayran da Silva Bezerra Suplente Polícia Federal Rerilton Welter Gomes Convidado Receita Federal do Brasil Rafael Neves Carvalho Convida
policiafederal_aditivo,Atada6reuniaoCEFIC.v2,2,Polícia Federal,"mpresas seja encaminhado para a CEFIC. 4.8. O Sr. Jade Kende Gonçalves Umbelino , pela Polícia Federal, aprovou a deliberação do Credenciamento Provisório e do fluxograma da expedição da Cart"
policiafederal_aditivo,Atada7reuniaoCEFIC.v2,1,Policia Federal,Federal do Brasil(RFB) do Ministério da Economia Jade Kende Gonçalves Umbelino Titular Policia Federal Washington Leonardo Guanaes Bonini Titular Ministério da Justiça e Segurança Pública
policiafederal_aditivo,D10900,4,Polícia Federal,"29, de 2023) II - dois do Ministério da Justiça e Segurança Pública, um dos quais será da Polícia Federal; e D10900 https://www.planalto.gov.br/ccivil_03/_ato2019-2022/2021/decreto/d10... 4 of 11"
policiafederal_aditivo,D10900,6,Polícia Federal,"icação do Cidadão. (Redação dada pelo Decreto nº 11.429, de 2023) Art. 22. Compete à Polícia Federal, no âmbito da administração pública federal: I - propor à CEFIC: a) padrões técnicos das"
policiafederal_aditivo,D10977,2,Polícia Federal,disposto no § 4º do art. 12 da Constituição terão a Carteira de Identidade recolhida pela Polícia Federal e encaminhada ao órgão expedidor para cancelamento. Competência da CEFIC Art. 18. O Decr
policiafederal_aditivo,D11797,6,Polícia Federal,"ades ou órgãos públicos no âmbito da identificação de pessoa natural. Art. 22. Compete à Polícia Federal, no âmbito do Serviço de Identificação do Cidadão: D11797 https://www.planalto.gov.br/cci"
policiafederal_aditivo,relatorio-de-visita-tecnica-casa-da-moeda,2,Polícia Federal,do Instituto Nacional de Criminalística (INC) da Diretoria Técnico-Científica (DITEC) da Polícia Federal (PF). 01 INTRODUÇÃO CÂMARA-EXECUTIVA FEDERAL DE IDENTIFICAÇÃO DO CIDADÃO ===== [pag 3]
policiafederal_aditivo,relatorio-de-visita-tecnica-casa-da-moeda,7,Polícia Federal,"ndo o fornecedor disponibilizar o papel de segurança a CMB enviará as amostras em papel à Polícia Federal, juntamente com as amostras em policarbonato, para análise técnica e emissão de parecer c"
policiafederal_aditivo,relatorio-de-visita-tecnica-casa-da-moeda,10,Polícia Federal,"a empresa BP Security disponibilizar o papel à CMB serão enviadas as amostras em papel à Polícia Federal, juntamente com as amostras em policarbonato, para análise técnica e emissão de parecer c"
policiafederal_aditivo,RelatorioVisitaTecnicaGraficasagosto,2,Polícia Federal,"mentoscópicas do Instituto Nacional de Criminalística da Diretoria Técnico- Científica da Polícia Federal. A equipe composta pelos servidores Mauro Ramos, Perito Criminal Federal, lotado no Setor"
policiafederal_aditivo,RelatorioVisitaTecnicaGraficasagosto,2,Polícia Federal,"os servidores Mauro Ramos, Perito Criminal Federal, lotado no Setor Técnico-Científico da Polícia Federal em São Paulo; Narumi Pereira Lima, Perita Criminal Federal, lotada no Serviço de Perícias"
policiafederal_aditivo,RelatorioVisitaTecnicaGraficasagosto,2,Polícia Federal,"Pereira Lima, Perita Criminal Federal, lotada no Serviço de Perícias Documentoscópicas da Polícia Federal e Simone Cabanelas Martinez, Gerente de Projetos na Diretoria de Modernização de Identifi"
policiafederal_aditivo,res1,1,Polícia Federal,"a República; II - dois do Ministério da Justiça e Segurança Pública, um dos quais será da Polícia Federal; e III - dois do Ministério da Economia, dos quais: a) um da Secretaria Especial da Recei"
policiafederal_aditivo,res21,1,Polícia Federal,"e da CIN. § 2º As consultas biométricas de que trata o caput, ao banco multibiométrico da Polícia Federal serão realizadas exclusivamente nos tipos de registros de passaporte, prontuários civis e"
policiafederal_aditivo,res21,2,Polícia Federal,bases biométricas; e III - monitorar e avaliar o Serviço Biométrico Federal. Art. 8º À Polícia Federal compete fornecer interface de programação de aplicação para o recebimento e a in
policiafederal_aditivo,res21,2,Polícia Federal,"necer interface de programação de aplicação para o recebimento e a integração pela Polícia Federal dos dados dos cidadãos no processo de emissão da CIN para resposta síncrona, a partir das"
policiafederal_aditivo,res4,2,Polícia Federal,"72709 1 of 5 4/27/2026, 3:13 PM ===== [pag 2] ===== Bases aprovadas pela CEFIC a) Base da Polícia Federal b) Base da Identiﬁcação Civil Nacional - ICN c) Base do SENATRAN d) Base do Órgão de Iden"
policiafederal_aditivo,res7,1,Polícia Federal,"a República; II - dois do Ministério da Justiça e Segurança Pública, sendo ao menos um da Polícia Federal; III - um do Conselho Nacional dos Diretores de Órgãos de Identiﬁcação - CONADI; e IV-doi"
policiafederal_aditivo,res8,1,Polícia Federal,"a República; II - dois do Ministério da Justiça e Segurança Pública, sendo ao menos um da Polícia Federal; III - um do Conselho Nacional dos Diretores de Órgãos de Identiﬁcação - CONADI; IV - um"
policiafederal_aditivo,visita-tecnica-2023-3,2,Polícia Federal,"umentoscópicas do Instituto Nacional de Criminalística da Diretoria Técnico-Científica da Polícia Federal. A equipe composta pelos servidores Acir Oliveira, Perito Criminal Federal, Alessandra Ne"
policiafederal_aditivo,visita-tecnica-2023-3,2,Polícia Federal,"Nepomuceno, Perita Criminal Federal, lotados no Serviço de Perícias Documentoscópicas da Polícia Federal, Ana Maria Candido Lacerda e Simone Cabanelas Martinez, Assessoras Técnicas na Coordenaçã"
policiafederal_aditivo,visita-tecnica-2023-3,7,Polícia Federal,"envio de amostras de CIN em policarbonato para análise. As amostras foram recebidas pela Polícia Federal, responsável pela análise técnica, em 15 de setembro de 2023. ===== [pag 8] ===== 08 CON"
graficas,1-reunic-ordinaria-15_05_2024,3,Gráfica,Setembro: credenciamento de instituições públicas e empresas privadas para atuarem como Gráficas da CIN; - Outubro: regras de captura/coleta e armazenamento de dados biométricos para a
graficas,202205053areuniaoCEFICv2,9,gráfica,et.  Pretende emitir a Carteira em alguns pontos somente.  5.000 Carteiras por mês.  A gráfica de PE talvez não possua condições de imprimir as especificações da Carteira – reunião a
graficas,202205053areuniaoCEFICv2,11,gráfica,ra para todos os cidadãos habilitados em todos os pontos.  42.000 Carteiras por mês.  A gráfica de SC talvez não possua condições de imprimir as especificações da Carteira – reunião di
graficas,2024-08-06_memoria-de-reuniao-3a-reuniao-ordinaria-cefic,1,Gráfica,edida Provisória ou Projeto de Lei para Lei 14.534/23. V. Resolução de Credenciamento de Gráficas para Nov/24. VI. Apresentação da projeção de CIN com investimento de 285 milhões de rea
graficas,2025.08.15MemriadaReunioCEFIC,3,gráfica,"ico, sem atualização em tempo real. ===== [pag 3] ===== O credenciamento definitivo das gráficas permanece previsto para dezembro, com início das operações em 2026. Foi relatado um pro"
graficas,2025.08.15MemriadaReunioCEFIC,3,gráfica,"ática das grandes indústrias. Apontou- se a necessidade de respaldo legal para que apenas gráficas credenciadas possam emitir a CIN. No tocante à comunicação, reiterou -se que o foco d"
graficas,2025.09.09MemriadaReunioCEFIC,2,gráfica,"inido que o credenciamento será restrito a prestadores externos, abrangendo as etapas de gráfica, correspondente ao espelho, e de personalização, relativa à impressão. Serão previstos r"
graficas,2025.09.09MemriadaReunioCEFIC,2,gráfica,"previstos requisitos técnicos de controle de qualidade, de segurança da informação e de gráfica segura, de acordo com normas específicas. A previsão é que a exigência de certificação o"
graficas,2025.12.09MemriaCefic,2,impressão do documento,"sões. Nesse contexto, enfaƟzou-se a importância de diferenciar as etapas de emissão e de impressão do documento, sendo esta úlƟma idenƟﬁcada como um dos principais gargalos operacionais. DiscuƟu-se a"
graficas,2025.12.09MemriaCefic,2,impressão do documento,"as visitas aos estados, com foco especial nos gargalos existentes, sobretudo na etapa de impressão do documento İsico. Na sequência, foi apresentado o status geral do projeto, incluindo aspectos relac"
graficas,2025.12.09MemriaCefic,3,gráﬁca,"acelerar o ﬂuxo de emissão do documento. ===== [pag 3] ===== Quanto ao credenciamento de gráﬁcas e personalizadoras, informou-se que o processo se encontra em fase de análise regulatór"
graficas,2026.02.11CEFICMemriadareuniov2,2,Gráfica,"tes e, portanto, com o cronograma ainda em discussão . • Credenciamento Definitivo de Gráficas e Personalizadoras – previsão de deliberação da resolução na Cefic em junho de 2026 ."
graficas,2026.02.11CEFICMemriadareuniov2,2,Gráfica,recepção no fluxo em maio e do legado em julho de 2026. • Auditoria e Fiscalização de Gráficas e Pe rsonalizadoras - previsão da deliberação da resolução em novembro de 2026. • A
graficas,2026.03.12MemriadaReunioCEFIC1,2,Gráfica,Casa Civil fará uma reunião com o Ministério da Saúde. • Credenciamento Definitivo de Gráficas e Personalizadoras – previsão de realização de consulta pública em abril de 2026 e deli
graficas,2026.03.12MemriadaReunioCEFIC1,2,Gráfica,novos gestores do MJSP para alinhamento de cronograma. • Auditoria e Fiscalização de Gráficas e Personalizadoras – comentou-se que devem ser analisadas as opções de fiscalização que
graficas,2026.03.12MemriadaReunioCEFIC1,2,gráfica,"ue devem ser analisadas as opções de fiscalização que serão realizadas nos estados e nas gráficas, considerando o âmbito de competência , o objeto e as particularidades das auditorias."
graficas,2026.08.11MemriadaReunioCEFIC,2,gráfica,NV) e Declaração de óbito (DO) com os sistemas federais. • Credenciamento definitivo de gráficas e personalizadoras – A minuta da resolução está em análise jurídica no ITI. Com rela
graficas,4___reuniao_CEFIC_11_10_2023,4,gráfica,"deral: Devido à falta de estrutura, não é possível realizar a fiscalização, controle das gráficas previstos em decreto. Necessário apresentar uma proposta de estrutura para dar conta"
graficas,ABNT-NBR-17225-Acessibilidade-Digital,15,grafica,"do imagens informativas imagens que são parte integrante do conteúdo, ou que representam graficamente algum conceito ou informação 3.25 imagens decorativas imagens que não apresentam"
graficas,Ata3aReuCEFIC1,3,gráfica,"ico da CEFIC a possibilidade de ser feita uma resolução sobre credenciamento de empresas gráficas, exigindo que essas empresas apresentem requisitos mínimos para que possam participar d"
graficas,ATA8reudacefic11,3,gráfica,"letude dos exames de verificação dos espelhos das Carteiras de Identidade enviadas pelas gráficas, a pedido da PF, será realizado uma visita técnica nas gráficas que foram credenciadas"
graficas,ATA8reudacefic11,3,gráfica,"Identidade enviadas pelas gráficas, a pedido da PF, será realizado uma visita técnica nas gráficas que foram credenciadas provisoriamente, a fim de verificar a conformidade dos elementos"
graficas,D11797,6,gráfica,"alização dos entes públicos e privados sobre sistemas biométricos, de personalização e de gráficas no âmbito da expedição da Carteira de Identidade; II - operacionalizar os processos prev"
graficas,Memoria1aReuniaoCEFIC20250311v2,2,gráfica,"da CIN, apurando -se qual a melhor opção: terceirização do serviço ou serviço próprio de gráfica, inclusive com a análise de eficiência na aplicação dos recursos. Anunciado que o Modelo"
graficas,Memoria1aReuniaoCEFIC20250311v2,3,Gráfica,", na próxima reunião da CEFIC será apresentada uma minuta do plano de implementação: API Gráficas; Motor Biométrico ABIS; Integração PCIN x SBP; PCIN receberá CIN vindas do SBF; e Inte"
graficas,Memoria2aReuniaoCEFIC20250422,2,gráfica,"o. Foi sugerido pelo coordenador da CEFIC que a entrega do Credenciamento Definitivo das gráficas fosse antecipada para 2025, mesmo que mantendo um vacatio legis para 2026, com tempo pa"
graficas,Memoria2aReuniaoCEFIC20250422,3,gráfica,ção do plano de comunicação 6.3 Discussão e maturação do processo de credenciamento das gráficas no GT2. 6.4 Validação da proposta de cronograma de entregas até dezembro de 2025. 6.5
graficas,Memoria3aReuniaoCEFIC202505131,2,gráfica,"=== técnicos locais. As informações foram organizadas em cinco eixos: sistema biométrico, gráficas integradoras, emissão da CIN, ações coletivas (mutirões) e gestão do Fundo Nacional de"
graficas,Memoria3aReuniaoCEFIC202505131,2,gráfica,dos que emitem aquém da capacidade contratual ou técnica e a gestão dos contratos com as gráficas. Ponderado a necessidade de planejamento para evitar interrupções no serviço e garan
graficas,relatorio-de-visita-tecnica-casa-da-moeda,2,Casa da Moeda,"te documento consiste em relatório sobre a visita técnica realizada no Parquet Gráfico da Casa da Moeda do Brasil (CMB), localizado no estado e na cidade do Rio de Janeiro, que possui credencia"
graficas,relatorio-de-visita-tecnica-casa-da-moeda,2,CMB,"relatório sobre a visita técnica realizada no Parquet Gráfico da Casa da Moeda do Brasil (CMB), localizado no estado e na cidade do Rio de Janeiro, que possui credenciamento provisóri"
graficas,relatorio-de-visita-tecnica-casa-da-moeda,3,CMB,"EXECUTIVA FEDERAL DE IDENTIFICAÇÃO DO CIDADÃO ===== [pag 3] ===== A equipe que visitou a CMB foi composta pelos servidores Licia Maria Said de Lavor, Perita Criminal Federal e Chefe"
graficas,relatorio-de-visita-tecnica-casa-da-moeda,3,Casa da Moeda,Governo Digital (SGD) do Ministério da Gestão e da Inovação em Serviços Públicos (MGI). A Casa da Moeda do Brasil possui as seguintes Certificações: ISO 45001:2018 Sistema de Gestão de Saúde e
graficas,relatorio-de-visita-tecnica-casa-da-moeda,3,Gráfica,iental; ISO 9001:2015 Sistemas de Gestão da Qualidade; ABNT NBR ISO 14298:2020 Tecnologia Gráfica - Gestão de Processos de impressão de segurança; NBR 15540:2020 Sistema de segurança para
graficas,relatorio-de-visita-tecnica-casa-da-moeda,4,CMB,"IDENTIFICAÇÃO DO CIDADÃO ===== [pag 4] ===== 03 METODOLOGIA Este roteiro, enviado para a CMB por meio do OFÍCIO SEI Nº 27586/2024/MGI (SEI-MGI nº 40557927), apresentava, entre outros"
graficas,relatorio-de-visita-tecnica-casa-da-moeda,4,CMB,"gráficos, visando ilustrar este relatório e subsidiar o novo Parecer Técnico do SEPDOC, a CMB disponibilizou um fotógrafo. Por fim, cabe informar que durante a visita os Peritos Crimi"
graficas,relatorio-de-visita-tecnica-casa-da-moeda,4,CMB,"s exames preliminares, realizados pelo SEPDOC, nas amostras encaminhadas previamente pela CMB, conforme Parecer Técnico nº 003/2024-INC/DITEC/PF (SEI- MGI 40558046). ===== [pag 5] =="
graficas,relatorio-de-visita-tecnica-casa-da-moeda,5,CMB,. ===== [pag 5] ===== A visita se iniciou com a apresentação de um vídeo institucional da CMB e do Fluxo Produtivo da Carteira de Identidade Nacional (CIN). Tal fluxo contempla as se
graficas,relatorio-de-visita-tecnica-casa-da-moeda,6,CMB,"lógica de engenharia reversa, que teve como referência uma CIN já impressa, uma vez que a CMB não possuia a matriz da CIN. A equipe demonstrou as serigrafias separadas e em um único a"
graficas,relatorio-de-visita-tecnica-casa-da-moeda,7,CMB,"Criminais Federais que acompanharam a visita, para análise posterior(imagem 05 e 06). A CMB não possuía a amostra de papel de segurança para a emissão da CIN em razão da indisponibl"
graficas,relatorio-de-visita-tecnica-casa-da-moeda,7,CMB,"disponível. Ficou acordado que quando o fornecedor disponibilizar o papel de segurança a CMB enviará as amostras em papel à Polícia Federal, juntamente com as amostras em policarbona"
graficas,relatorio-de-visita-tecnica-casa-da-moeda,10,CMB,de cada camada e elemento de segurança. ===== [pag 10] ===== 09 Pontos de Atenção Como a CMB não possuía a amostra de papel de segurança para impressão da CIN não foi possível verifi
graficas,relatorio-de-visita-tecnica-casa-da-moeda,10,CMB,"e a compra do insumo DOV está condicionada ao credenciamento. Dessa forma, solicitamos a CMB o envio das amostras da CIN emitida no papel de segurança. Então, assim que a empresa BP"
graficas,relatorio-de-visita-tecnica-casa-da-moeda,10,CMB,"da no papel de segurança. Então, assim que a empresa BP Security disponibilizar o papel à CMB serão enviadas as amostras em papel à Polícia Federal, juntamente com as amostras em poli"
graficas,RelatorioVisitaTecnicaGraficasagosto,2,gráfica,"g 2] ===== O presente documento consiste em relatório técnico sobre a visita realizada às gráficas, localizadas no Estado de São Paulo, que possuem credenciamento provisório, junto à Câ"
graficas,RelatorioVisitaTecnicaGraficasagosto,2,Gráfica,"da Secretaria Geral da Presidência da República, visitou as empresas: Thomas Greg & Sons Gráfica e Serviços, Indústria e Comércio, Importação e Exportação de Equipamentos Ltda, em São Be"
graficas,RelatorioVisitaTecnicaGraficasagosto,2,Gráfica,"cio, Importação e Exportação de Equipamentos Ltda, em São Bernandro do Campo, a Indústria Gráfica Brasileira Ltda, em Barueri; e, a Valid Soluções, em Sorocaba. INTRODUÇÃO DMIC/SEMIR/SEME"
graficas,RelatorioVisitaTecnicaGraficasagosto,3,gráfica,ão à elaboração de parecer técnico para subsidiar a CEFIC no credenciamento das referidas gráficas. Ainda no sentido de subsidiar a decisão da CEFIC foi solicitada a apresentação de nota
graficas,RelatorioVisitaTecnicaGraficasagosto,4,Gráfica,"auro Ramos compareceram no dia 24 de agosto às dependências da empresa Thomas Greg & Sons Gráfica e Serviços, Indústria e Comércio, Importação e Exportação de Equipamentos Ltda, onde fora"
graficas,RelatorioVisitaTecnicaGraficasagosto,4,gráfica,"saída com os registros fotográficos para elaboração do parecer técnico. Ressaltaram que a gráfica tem diversos certificados, dentre eles o PCI (Payment Cards Industry), que garante a segu"
graficas,RelatorioVisitaTecnicaGraficasagosto,6,Gráfica,"A equipe compareceu no dia 25 de agosto, às 08h30m, às dependências da empresa Industria Gráfica Brasileira Ltda - IGB, onde foi recebida por seu representante, senhor Guido Rimini; pe"
graficas,RelatorioVisitaTecnicaGraficasagosto,6,gráfica,"IGB e explicado que a Montreal contrata os seus serviços de impressão. Ressaltaram que a gráfica tem diversos certificados, dentre eles o ISO 9000 e o ISO 27001, que descrevem como colo"
graficas,RelatorioVisitaTecnicaGraficasagosto,6,gráfica,"540, que apresenta os requisitos em relação ao sistema de segurança aplicado à tecnologia gráfica para que uma empresa possa ser reconhecida como produtora de documentos de segurança. Ini"
graficas,RelatorioVisitaTecnicaGraficasagosto,6,GRÁFICA,"devido, enquanto a equipe visitava a área destinada à impressão calcográfica. INDÚSTRIA GRÁFICA BRASILEIRA DMIC/SEMIR/SEME/SG/PR PÁGINA 06 CÂMARA-EXECUTIVA FEDERAL DE IDENTIFICAÇÃO DO"
graficas,RelatorioVisitaTecnicaGraficasagosto,7,GRÁFICA,ia em que se encontra a matriz calcográfica (Imagem 07). 07 ===== [pag 7] ===== INDÚSTRIA GRÁFICA BRASILEIRA DMIC/SEMIR/SEME/SG/PR PÁGINA 07 CÂMARA-EXECUTIVA FEDERAL DE IDENTIFICAÇÃO DO
graficas,RelatorioVisitaTecnicaGraficasagosto,10,gráfica,invisível fluorescente em vermelho à radiação UV. A discrepância foi relatada ao MJSP e à gráfica para averiguar a versão do manual que foi disponibilizada. Outro ponto de atenção foi a
graficas,RelatorioVisitaTecnicaGraficasagosto,10,gráfica,"(Naturalidade / Place of Birth), o texto pré- impresso é previsto com 29 posições, mas as gráficas apontaram que há limitação de 23 caracteres. Em duas gráficas os modelos apresentam um m"
graficas,RelatorioVisitaTecnicaGraficasagosto,10,gráfica,"sto com 29 posições, mas as gráficas apontaram que há limitação de 23 caracteres. Em duas gráficas os modelos apresentam um mapa vazado em branco, na posição dedicada à impressão do mapa"
graficas,RelatorioVisitaTecnicaGraficasagosto,10,gráfica,"ótica, que não está previsto no manual. Destaca-se que o padrão de inscrição do nome da gráfica deve ser definido pelo manual, bem como as dimensões do espaço para assinatura. Por fim,"
graficas,RelatorioVisitaTecnicaGraficasagosto,11,gráfica,não afetam a continuidade do projeto. Revisão do manual e encaminhamento concomitante às gráficas e aos Estados que fazem parte do projeto piloto. Inclusão no manual: da altura de trans
graficas,RelatorioVisitaTecnicaGraficasagosto,11,gráfica,tura de transição das cores da impressão calcográfica e de padrão de inscrição do nome da gráfica. No âmbito do Manual da Carteira de Identididade Nacional sugere-se: Quando houver orçame
graficas,RelatorioVisitaTecnicaGraficasagosto,12,gráfica,idadão visa assegurar que as pessoas jurídicas que prestam serviços na área de impressões gráficas possuam as condições técnicas mínimas estipuladas para a emissão da Carteira de Identida
graficas,res2,1,gráﬁca,Resolução estabelece os procedimentos para o credenciamento provisório de empresa gráﬁca interessada em produzir a Carteira de Identidade Nacional (CIN). Art. 2º Para o crede
graficas,res2,1,gráﬁca,e Identidade Nacional (CIN). Art. 2º Para o credenciamento provisório de empresas gráﬁcas que possuem contratos de prestação de serviços vigentes com os Órgãos de Identiﬁcaçã
graficas,visita-tecnica-2023-3,2,gráfica,"g 2] ===== O presente documento consiste em relatório técnico sobre a visita realizada às gráficas ICE Cartões Especiais e CONTIPLAN, localizadas no Estado de São Paulo, que possuem crede"
graficas,visita-tecnica-2023-3,3,gráfica,"am à elaboração de parecer técnico para subsidiar a CEFIC no credenciamento das referidas gráficas. Nesse contexto, destaca-se que ainda no sentido de subsidiar a decisão da CEFIC foi sol"
graficas,visita-tecnica-2023-3,4,gráfica,"e segurança, soluções biométricas e gerenciamento eletrônico de dados. Ressaltaram que a gráfica tem diversos certificados, dentre eles o ISO 9001 e o ISO 27001; que descrevem como coloc"
graficas,visita-tecnica-2023-3,4,gráfica,"14298 que especifica requisitos para um sistema de gestão de impressão de segurança para gráficas; e a certificação NBR 15540, que preconiza que procedimentos de produção de impressos de"
graficas,visita-tecnica-2023-3,8,gráfica,"e segurança, soluções biométricas e gerenciamento eletrônico de dados. Ressaltaram que a gráfica tem diversos certificados, dentre eles o ISO 9001 e o ISO 27001; que descrevem como coloc"
graficas,visita-tecnica-2023-3,8,gráfica,"14298 que especifica requisitos para um sistema de gestão de impressão de segurança para gráficas; e a certificação NBR 15540, que preconiza que procedimentos de produção de impressos de"
graficas,visita-tecnica-2023-3,11,gráfica,. Destaca-se a ausência de nitidez na impressão do brasão. A discrepância foi relatada à gráfica que realizou ajustes no equipamento e novas amostras foram impressas com nitidez no eleme
fala_brasil,1_reunicextra_cefic_21_07_2023,1,gov.br,"ou-se favorável a Resolução nº 12, e propôs ajustes. Textos aprovados: https://www.in.gov.br/en/web/dou/-/resolucao-n-12-de-28-de-julho-de-2023-500227724 https://www.in.gov.br/web/d"
fala_brasil,1_reunicextra_cefic_21_07_2023,1,gov.br,ww.in.gov.br/en/web/dou/-/resolucao-n-12-de-28-de-julho-de-2023-500227724 https://www.in.gov.br/web/dou/-/resolucao-n-13-de-28-de-julho-de-2023-500224848
fala_brasil,20220209semeprojetoidentificacaodocidadao_primeira_reu_ceficv6,2,GOV.BR,upo Técnico. 9. Apresentar a demanda do MJSP referente ao acesso de dados pela plataforma GOV.BR. 10. Tratar do tema sobre a articulação junto ao TSE da disponibilização da ferramenta de
fala_brasil,20220209semeprojetoidentificacaodocidadao_primeira_reu_ceficv6,6,GOV.BR,de Técnico. 9. Apresentar a demanda do MJSP referente ao acesso de dados pela plataforma GOV.BR. 10. Tratar do tema sobre a articulação junto ao TSE da disponibilização da ferramenta de
fala_brasil,20220209semeprojetoidentificacaodocidadao_primeira_reu_ceficv6,8,GOV.BR,de Técnico. 9. Apresentar a demanda do MJSP referente ao acesso de dados pela plataforma GOV.BR. 10. Tratar do tema sobre a articulação junto ao TSE da disponibilização da ferramenta de
fala_brasil,20220209semeprojetoidentificacaodocidadao_primeira_reu_ceficv6,10,GOV.BR,upo Técnico. 9. Apresentar a demanda do MJSP referente ao acesso de dados pela plataforma GOV.BR. 10. Tratar do tema sobre a articulação junto ao TSE da disponibilização da ferramenta de
fala_brasil,20220209semeprojetoidentificacaodocidadao_primeira_reu_ceficv6,11,GOV.BR,upo Técnico. 9. Apresentar a demanda do MJSP referente ao acesso de dados pela plataforma GOV.BR. 10. Tratar do tema sobre a articulação junto ao TSE da disponibilização da ferramenta de
fala_brasil,20220209semeprojetoidentificacaodocidadao_primeira_reu_ceficv6,13,GOV.BR,upo Técnico. 9. Apresentar a demanda do MJSP referente ao acesso de dados pela plataforma GOV.BR. 10. Tratar do tema sobre a articulação junto ao TSE da disponibilização da ferramenta de
fala_brasil,20220209semeprojetoidentificacaodocidadao_primeira_reu_ceficv6,15,GOV.BR,upo Técnico. 8. Apresentar a demanda do MJSP referente ao acesso de dados pela plataforma GOV.BR. 9. Tratar do tema sobre a articulação junto ao TSE da disponibilização da ferramenta de
fala_brasil,20220209semeprojetoidentificacaodocidadao_primeira_reu_ceficv6,18,GOV.BR,upo Técnico. 9. Apresentar a demanda do MJSP referente ao acesso de dados pela plataforma GOV.BR. 10. Tratar do tema sobre a articulação junto ao TSE da disponibilização da ferramenta de
fala_brasil,20220209semeprojetoidentificacaodocidadao_primeira_reu_ceficv6,19,GOV.BR,upo Técnico. 9. Apresentar a demanda do MJSP referente ao acesso de dados pela plataforma GOV.BR. 10. Tratar do tema sobre a articulação junto ao TSE da disponibilização da ferramenta de
fala_brasil,20220209semeprojetoidentificacaodocidadao_primeira_reu_ceficv6,20,GOV.BR,upo Técnico. 9. Apresentar a demanda do MJSP referente ao acesso de dados pela plataforma GOV.BR. 10. Tratar do tema sobre a articulação junto ao TSE da disponibilização da ferramenta de
fala_brasil,202205053areuniaoCEFICv2,7,GOV.BR,"Wallet.  *MG já possui acordo com TSE para consumo da base ICN, sem ser pelo barramento GOV.BR, para expedição das carteiras antigas – será usado para carteiras novas também.  Prete"
fala_brasil,202205053areuniaoCEFICv2,8,GOV.BR,"para consulta ICN, mas não no fluxo para expedição da Carteira. Deverá usar o barramento GOV.BR – API ICN (já solicitado à SGD).  Pretende emitir a Carteira para todos os cidadãos habi"
fala_brasil,202205053areuniaoCEFICv2,10,GOV.BR,"para consulta ICN, mas não no fluxo para expedição da Carteira. Deverá usar o barramento GOV.BR – API ICN (já solicitado à SGD).  Pretende emitir a Carteira para todos os cidadãos ha"
fala_brasil,202205053areuniaoCEFICv2,11,GOV.BR,"para consulta ICN, mas não no fluxo para expedição da Carteira. Deverá usar o barramento GOV.BR – API ICN (já solicitado à SGD).  Pretende emitir a Carteira para todos os cidadãos habi"
fala_brasil,2024-05-27_memoria-de-reuniao-1a-reuniao-extradordinaria-cefic,1,gov.br,", de forma unânime, as Resoluções nº 17, 18 e 19 Textos aprovados: https://pesquisa.in.gov.br/imprensa/jsp/visualiza/index.jsp?data=07/06/2024&jornal= 515&pagina=50 https://pesquisa."
fala_brasil,2024-05-27_memoria-de-reuniao-1a-reuniao-extradordinaria-cefic,1,gov.br,prensa/jsp/visualiza/index.jsp?data=07/06/2024&jornal= 515&pagina=50 https://pesquisa.in.gov.br/imprensa/jsp/visualiza/index.jsp?data=06/06/2024&jornal= 515&pagina=52
fala_brasil,2024-08-20_memoria-de-reuniao-2a-reuniao-extraordinaria-cefic,1,gov.br,"do: Aprovada, de forma unânime, a Resolução nº 20. Texto aprovado: https://pesquisa.in.gov.br/imprensa/jsp/visualiza/index.jsp?data=20/09/2024&jorna l=515&pagina=5"
fala_brasil,2025.12.16CEFICMemriadareunio,1,gov.br,ssão da Carteira de Identidade Nacional - SCF-CIN. Textos aprovados: https://www.in.gov.br/web/dou/ -/resolucao-n-29-de-2-de-fevereiro-de-2026-686260174 https://www.in.gov.br/we
fala_brasil,2025.12.16CEFICMemriadareunio,1,gov.br,in.gov.br/web/dou/ -/resolucao-n-29-de-2-de-fevereiro-de-2026-686260174 https://www.in.gov.br/web/dou/ -/resolucao-n-30-de-2-de-fevereiro-de-2026-686264587
fala_brasil,2_reunicextra_cefic_21_08_2023,1,gov.br,esolução nº 14 – prorrogação de prazo do b- cadastro. Texto aprovado: https://www.in.gov.br/en/web/dou/-/resolucao-n-14-de-21-de-agosto-de-2023-504814854
fala_brasil,4___reuniao_CEFIC_11_10_2023,4,gov.br,"e novembro: em outdoor, cartazes em pontos de ônibus. Ney sugere colocar a propaganda no gov.br. Rogerio pondera que evita fazer propaganda no gov.br, para manter a plataforma limpa."
fala_brasil,4___reuniao_CEFIC_11_10_2023,4,gov.br,"Ney sugere colocar a propaganda no gov.br. Rogerio pondera que evita fazer propaganda no gov.br, para manter a plataforma limpa. Rogerio sugere o envolvimento do Mec. 5. Falta do cum"
fala_brasil,ABNT-NBR-17225-Acessibilidade-Digital,79,gov.br,Acessibilidade – Regulamentada pelo Decreto nº 5.296 de 02/12/2004. http://www.planalto.gov.br/ccivil_03/leis/l10098.htm [9] BRASIL. Decreto nº 5.296 de 2/12/2004. http://www.planalt
fala_brasil,ABNT-NBR-17225-Acessibilidade-Digital,79,gov.br,civil_03/leis/l10098.htm [9] BRASIL. Decreto nº 5.296 de 2/12/2004. http://www.planalto.gov.br/ccivil_03/_ato2004-2006/2004/decreto/d5296.htm [10] Lei Brasileira de Inclusão da Pessoa
fala_brasil,ABNT-NBR-17225-Acessibilidade-Digital,79,gov.br,[10] Lei Brasileira de Inclusão da Pessoa com Deficiência – L13146. http://www.planalto.gov.br/ccivil_03/_ato2015-2018/2015/lei/l13146.htm [11] Accessibility requirements for ICT prod
fala_brasil,ata2areuniaodacefic,3,gov.br,"eraç ão que seja demandada pelos participantes seja enviada no e -mail cefic@presidencia.gov.br. 4.11. Por fim, não havendo mais assuntos a serem tratados, o Sr. Eduardo Gomes agradec"
fala_brasil,Ata3aReuCEFIC1,3,gov.br,ntos. 7. Anexos - Toda documentação e apresentação estará disponível em https://www.gov.br/secretariageral/pt-br/moderniza-brasil/identificacao-do-cidadao/cefic
fala_brasil,ATA8reudacefic11,2,Govbr,"los sistemas/plataformas da RFB, Institutos de Identificação dos Estados, MJSP e SGD/ME - Govbr (todos aderentes à LGPD), serem mais seguros, garantindo a veracidade das informações de"
fala_brasil,ata_1_14mar22,1,GOV.BR,da CEFIC. 2.9. Apresentar a demanda do MJSP referente ao acesso de dados pela plataforma GOV.BR. 2.10.Tratar do tema sobre a articulação junto ao TSE da disponibilização da ferramenta d
fala_brasil,ata_1_14mar22,3,GOV.BR,a CEFIC. 4.4.8. Apresentar a demanda do MJSP referente ao acesso de dados pela plataforma GOV.BR. 4.4.9. Tratar do tema sobre a articulação junto ao TSE da disponibilização da
fala_brasil,Atada7reuniaoCEFIC.v2,2,GOV.BR,"ecução do Projeto Piloto para viabilizar o envio da Carteira de Identidade para o acesso GOV.BR e conexão com a ICN. 4.11. Por fim, não havendo mais assuntos a serem tratados, o Sr. Ed"
fala_brasil,Atada7reuniaoCEFIC.v2,2,GOV.BR,para a consecução do Projeto Piloto quanto ao envio da Carteira de Identidade para o app GOV.BR e conexão com a ICN. 7. Anexos 7.1. Resolução do Serviço de Identificação do Cidad
fala_brasil,D10900,1,gov.br,"a administração pública federal direta, autárquica e fundacional, por meio da Plataforma gov.br. CAPÍTULO II DO SERVIÇO DE IDENTIFICAÇÃO DO CIDADÃO Seção I Das diretrizes gerais Art."
fala_brasil,D10900,1,gov.br,"caput inclui os processos de prestação de serviços públicos e D10900 https://www.planalto.gov.br/ccivil_03/_ato2019-2022/2021/decreto/d10... 1 of 11 4/27/2026, 2:49 PM ===== [pag 2] ===="
fala_brasil,D10900,2,gov.br,"c) proteger e limitar o acesso aos dados pessoais. Seção III D10900 https://www.planalto.gov.br/ccivil_03/_ato2019-2022/2021/decreto/d10... 2 of 11 4/27/2026, 2:49 PM ===== [pag 3] ===="
fala_brasil,D10900,3,gov.br,"de segurança vinculados à identificação de pessoas naturais; D10900 https://www.planalto.gov.br/ccivil_03/_ato2019-2022/2021/decreto/d10... 3 of 11 4/27/2026, 2:49 PM ===== [pag 4] ===="
fala_brasil,D10900,4,gov.br,"e Segurança Pública, um dos quais será da Polícia Federal; e D10900 https://www.planalto.gov.br/ccivil_03/_ato2019-2022/2021/decreto/d10... 4 of 11 4/27/2026, 2:49 PM ===== [pag 5] ===="
fala_brasil,D10900,5,gov.br,"técnicos será considerada prestação de serviço público D10900 https://www.planalto.gov.br/ccivil_03/_ato2019-2022/2021/decreto/d10... 5 of 11 4/27/2026, 2:49 PM ===== [pag 6] ===="
fala_brasil,D10900,6,gov.br,"o operacional e tecnológica do Serviço de Identificação do Cidadão por meio da Plataforma gov.br. § 1º A Secretaria de Governo Digital da Secretaria Especial de Desburocratização, Gestã"
fala_brasil,D10900,6,gov.br,"o operacional e tecnológica do Serviço de Identificação do Cidadão por meio da Plataforma gov.br. (Redação dada pelo Decreto nº 11.429, de 2023) § 1º A Secretaria de Governo Digital"
fala_brasil,D10900,6,gov.br,guintes atos cadastrais no CPF por meio Serviço de Identificação do Cidadão da Plataforma gov.br: Art. 23. Compete à Secretaria Especial da Receita Federal do Brasil do Ministério da Fa
fala_brasil,D10900,6,gov.br,"guintes atos cadastrais no CPF por meio Serviço de Identificação do Cidadão da Plataforma gov.br: (Redação dada pelo Decreto nº 11.429, de 2023) I - inscrição da pessoa física; D"
fala_brasil,D10900,6,gov.br,"o Decreto nº 11.429, de 2023) I - inscrição da pessoa física; D10900 https://www.planalto.gov.br/ccivil_03/_ato2019-2022/2021/decreto/d10... 6 of 11 4/27/2026, 2:49 PM ===== [pag 7] ===="
fala_brasil,D10900,7,gov.br,"6, passa a vigorar com as seguintes alterações: “Art. 1º Fica instituída a Plataforma gov.br, no âmbito da administração pública federal direta, autárquica e fundacional, com a fin"
fala_brasil,D10900,7,gov.br,.....................................................” (NR) “Art. 3º Compõem a Plataforma gov.br: ........................................................................................
fala_brasil,D10900,7,gov.br,"adotar a ferramenta de solicitação e acompanhamento dos serviços da Plataforma gov.br, por meio da integração de seus sistemas de atendimento e protocolo, D10900 https://www.p"
fala_brasil,D10900,7,gov.br,"io da integração de seus sistemas de atendimento e protocolo, D10900 https://www.planalto.gov.br/ccivil_03/_ato2019-2022/2021/decreto/d10... 7 of 11 4/27/2026, 2:49 PM ===== [pag 8] ===="
fala_brasil,D10900,8,gov.br,a possuam tramitação física de processos; IV - adotar o mecanismo de acesso da Plataforma gov.br na totalidade dos serviços públicos digitais; V - adotar a ferramenta de avaliação da s
fala_brasil,D10900,8,gov.br,digitais; V - adotar a ferramenta de avaliação da satisfação dos usuários da Plataforma gov.br; VII - adotar o barramento de interoperabilidade da Plataforma gov.br para integração dos
fala_brasil,D10900,8,gov.br,ários da Plataforma gov.br; VII - adotar o barramento de interoperabilidade da Plataforma gov.br para integração dos sistemas e das bases de dados dos órgãos e das entidades da administr
fala_brasil,D10900,8,gov.br,ão pública federal; VIII - adotar a ferramenta de notificações aos usuários da Plataforma gov.br na totalidade dos serviços públicos digitais; e IX - adotar a ferramenta de meios de paga
fala_brasil,D10900,8,gov.br,blicos digitais; e IX - adotar a ferramenta de meios de pagamentos digitais da Plataforma gov.br nos serviços públicos oferecidos no portal único gov.br que envolvam cobrança de tributos
fala_brasil,D10900,8,gov.br,"pagamentos digitais da Plataforma gov.br nos serviços públicos oferecidos no portal único gov.br que envolvam cobrança de tributos, respeitada a regulamentação específica da Secretaria"
fala_brasil,D10900,8,gov.br,"novembro de 2020, passa a vigorar com as seguintes alterações: “Assinaturas na Plataforma gov.br Art. 6º As contas digitais na Plataforma gov.br, prevista no Decreto nº 8.936, de 19 de"
fala_brasil,D10900,8,gov.br,"s alterações: “Assinaturas na Plataforma gov.br Art. 6º As contas digitais na Plataforma gov.br, prevista no Decreto nº 8.936, de 19 de dezembro de 2016 , podem realizar assinatur"
fala_brasil,D10900,8,gov.br,"............................................................. D10900 https://www.planalto.gov.br/ccivil_03/_ato2019-2022/2021/decreto/d10... 8 of 11 4/27/2026, 2:49 PM ===== [pag 9] ===="
fala_brasil,D10900,9,gov.br,digital pela administração pública federal serão disponibilizados por meio da Plataforma gov.br. Art. 28. Os acordos vigentes dos órgãos e das entidades da administração pública federa
fala_brasil,D10900,9,gov.br,"o DOU de 17.12.2021 - Edição extra e retificado em 21.12.2021 D10900 https://www.planalto.gov.br/ccivil_03/_ato2019-2022/2021/decreto/d10... 9 of 11 4/27/2026, 2:49 PM ===== [pag 10] ==="
fala_brasil,D10900,10,gov.br,"ecreto/d10... 9 of 11 4/27/2026, 2:49 PM ===== [pag 10] ===== D10900 https://www.planalto.gov.br/ccivil_03/_ato2019-2022/2021/decreto/d10... 10 of 11 4/27/2026, 2:49 PM ===== [pag 11] =="
fala_brasil,D10900,11,gov.br,"eto/d10... 10 of 11 4/27/2026, 2:49 PM ===== [pag 11] ===== * D10900 https://www.planalto.gov.br/ccivil_03/_ato2019-2022/2021/decreto/d10... 11 of 11 4/27/2026, 2:49 PM"
fala_brasil,D10977,1,gov.br,"trata este artigo constarão do documento em formato digital. D10977 https://www.planalto.gov.br/ccivil_03/_ato2019-2022/2022/decreto/d10... 1 of 7 4/27/2026, 4:01 PM ===== [pag 2] ====="
fala_brasil,D10977,2,gov.br,"o Decreto nº 11.797, de 2023) Acesso ao banco de dados do CPF D10977 https://www.planalto.gov.br/ccivil_03/_ato2019-2022/2022/decreto/d10... 2 of 7 4/27/2026, 4:01 PM ===== [pag 3] ====="
fala_brasil,D10977,3,gov.br,"1 - Imagem do anverso e do reverso da Carteira de Identidade D10977 https://www.planalto.gov.br/ccivil_03/_ato2019-2022/2022/decreto/d10... 3 of 7 4/27/2026, 4:01 PM ===== [pag 4] ====="
fala_brasil,D10977,4,gov.br,"a) oticamente variável; b) ultravioleta; e c) infravermelha; D10977 https://www.planalto.gov.br/ccivil_03/_ato2019-2022/2022/decreto/d10... 4 of 7 4/27/2026, 4:01 PM ===== [pag 5] ====="
fala_brasil,D10977,5,gov.br,"ens dos itens invisíveis do anverso da Carteira de Identidade D10977 https://www.planalto.gov.br/ccivil_03/_ato2019-2022/2022/decreto/d10... 5 of 7 4/27/2026, 4:01 PM ===== [pag 6] ====="
fala_brasil,D10977,6,gov.br,"ios eletrônicos das lojas oficiais dos sistemas operacionais. D10977 https://www.planalto.gov.br/ccivil_03/_ato2019-2022/2022/decreto/d10... 6 of 7 4/27/2026, 4:01 PM ===== [pag 7] ====="
fala_brasil,D10977,7,gov.br,"em conexão à internet e informações pessoais complementares * D10977 https://www.planalto.gov.br/ccivil_03/_ato2019-2022/2022/decreto/d10... 7 of 7 4/27/2026, 4:01 PM"
fala_brasil,D11429,1,gov.br,"l do Ministério da Gestão e da Inovação em Serviços Públicos. D11429 https://www.planalto.gov.br/ccivil_03/_ato2023-2026/2023/decreto/d11... 1 of 3 4/27/2026, 2:47 PM ===== [pag 2] ====="
fala_brasil,D11429,2,gov.br,o operacional e tecnológica do Serviço de Identificação do Cidadão por meio da Plataforma gov.br. § 1º A Secretaria de Governo Digital do Ministério da Gestão e da Inovação em Serviços
fala_brasil,D11429,2,gov.br,guintes atos cadastrais no CPF por meio Serviço de Identificação do Cidadão da Plataforma gov.br: ........................................................................................
fala_brasil,D11429,2,gov.br,"de 3.3.2023 - Edição extra e retificado no DOU de 13.3.2023 * D11429 https://www.planalto.gov.br/ccivil_03/_ato2023-2026/2023/decreto/d11... 2 of 3 4/27/2026, 2:47 PM ===== [pag 3] ====="
fala_brasil,D11429,3,gov.br,"/decreto/d11... 2 of 3 4/27/2026, 2:47 PM ===== [pag 3] ===== D11429 https://www.planalto.gov.br/ccivil_03/_ato2023-2026/2023/decreto/d11... 3 of 3 4/27/2026, 2:47 PM"
fala_brasil,D11797,1,gov.br,"idadão terá interface de comunicação eletrônica com os dados: D11797 https://www.planalto.gov.br/ccivil_03/_ato2023-2026/2023/decreto/d11... 1 of 10 4/27/2026, 2:51 PM ===== [pag 2] ===="
fala_brasil,D11797,2,gov.br,"lidade de auditoria e rastreamento dos registros dos acessos; D11797 https://www.planalto.gov.br/ccivil_03/_ato2023-2026/2023/decreto/d11... 2 of 10 4/27/2026, 2:51 PM ===== [pag 3] ===="
fala_brasil,D11797,3,gov.br,"rteira de Identidade junto aos Estados e ao Distrito Federal. D11797 https://www.planalto.gov.br/ccivil_03/_ato2023-2026/2023/decreto/d11... 3 of 10 4/27/2026, 2:51 PM ===== [pag 4] ===="
fala_brasil,D11797,4,gov.br,"os normativos editados pela Cefic terão a forma de resolução. D11797 https://www.planalto.gov.br/ccivil_03/_ato2023-2026/2023/decreto/d11... 4 of 10 4/27/2026, 2:51 PM ===== [pag 5] ===="
fala_brasil,D11797,5,gov.br,"s técnicos que se encontrarem no Distrito Federal se reunirão D11797 https://www.planalto.gov.br/ccivil_03/_ato2023-2026/2023/decreto/d11... 5 of 10 4/27/2026, 2:51 PM ===== [pag 6] ===="
fala_brasil,D11797,6,gov.br,"e II - a implementação, a gestão e a sustentação operacional e tecnológica da Plataforma gov.br e da Carteira de Identidade em formato digital. Art. 20. Compete ao Instituto Nacional d"
fala_brasil,D11797,6,gov.br,"ia Federal, no âmbito do Serviço de Identificação do Cidadão: D11797 https://www.planalto.gov.br/ccivil_03/_ato2023-2026/2023/decreto/d11... 6 of 10 4/27/2026, 2:51 PM ===== [pag 7] ===="
fala_brasil,D11797,7,gov.br,"............................................................. D11797 https://www.planalto.gov.br/ccivil_03/_ato2023-2026/2023/decreto/d11... 7 of 10 4/27/2026, 2:51 PM ===== [pag 8] ===="
fala_brasil,D11797,8,gov.br,"ção pública federal direta, autárquica e fundacional serão disponibilizados na Plataforma gov.br. Art. 26. Os novos acordos ou prorrogações entre os órgãos e as entidades da administraç"
fala_brasil,D11797,8,gov.br,"substitui o publicado no DOU de 28.11.2023 - Edição extra. * D11797 https://www.planalto.gov.br/ccivil_03/_ato2023-2026/2023/decreto/d11... 8 of 10 4/27/2026, 2:51 PM ===== [pag 9] ===="
fala_brasil,D11797,9,gov.br,"decreto/d11... 8 of 10 4/27/2026, 2:51 PM ===== [pag 9] ===== D11797 https://www.planalto.gov.br/ccivil_03/_ato2023-2026/2023/decreto/d11... 9 of 10 4/27/2026, 2:51 PM ===== [pag 10] ==="
fala_brasil,D11797,10,gov.br,"ecreto/d11... 9 of 10 4/27/2026, 2:51 PM ===== [pag 10] ===== D11797 https://www.planalto.gov.br/ccivil_03/_ato2023-2026/2023/decreto/d11... 10 of 10 4/27/2026, 2:51 PM"
fala_brasil,L12527,1,gov.br,"istro de informações, qualquer que seja o suporte ou formato; L12527 https://www.planalto.gov.br/ccivil_03/_ato2011-2014/2011/lei/l12527.htm 1 of 13 4/27/2026, 4:02 PM ===== [pag 2] ===="
fala_brasil,L12527,2,gov.br,"es. VIII – (VETADO). (Incluído pela Lei nº 14.345, de 2022) L12527 https://www.planalto.gov.br/ccivil_03/_ato2011-2014/2011/lei/l12527.htm 2 of 13 4/27/2026, 4:02 PM ===== [pag 3] ===="
fala_brasil,L12527,3,gov.br,"ir a acessibilidade de conteúdo para pessoas com deficiência, L12527 https://www.planalto.gov.br/ccivil_03/_ato2011-2014/2011/lei/l12527.htm 3 of 13 4/27/2026, 4:02 PM ===== [pag 4] ===="
fala_brasil,L12527,4,gov.br,"as aos motivos determinantes da solicitação de informações de L12527 https://www.planalto.gov.br/ccivil_03/_ato2011-2014/2011/lei/l12527.htm 4 of 13 4/27/2026, 4:02 PM ===== [pag 5] ===="
fala_brasil,L12527,5,gov.br,"ecisão de negativa de acesso, por certidão ou cópia. Seção II L12527 https://www.planalto.gov.br/ccivil_03/_ato2011-2014/2011/lei/l12527.htm 5 of 13 4/27/2026, 4:02 PM ===== [pag 6] ===="
fala_brasil,L12527,6,gov.br,"lo. CAPÍTULO IV DAS RESTRIÇÕES DE ACESSO À INFORMAÇÃO Seção I L12527 https://www.planalto.gov.br/ccivil_03/_ato2011-2014/2011/lei/l12527.htm 6 of 13 4/27/2026, 4:02 PM ===== [pag 7] ===="
fala_brasil,L12527,7,gov.br,"determinado grau de sigilo, deverá ser observado o interesse L12527 https://www.planalto.gov.br/ccivil_03/_ato2011-2014/2011/lei/l12527.htm 7 of 13 4/27/2026, 4:02 PM ===== [pag 8] ===="
fala_brasil,L12527,8,gov.br,"ctivos Ministros de Estado, no prazo previsto em regulamento. L12527 https://www.planalto.gov.br/ccivil_03/_ato2011-2014/2011/lei/l12527.htm 8 of 13 4/27/2026, 4:02 PM ===== [pag 9] ===="
fala_brasil,L12527,9,gov.br,"es de que trata este artigo será responsabilizado por seu uso L12527 https://www.planalto.gov.br/ccivil_03/_ato2011-2014/2011/lei/l12527.htm 9 of 13 4/27/2026, 4:02 PM ===== [pag 10] ==="
fala_brasil,L12527,10,gov.br,"var o disposto nesta Lei estará sujeita às seguintes sanções: L12527 https://www.planalto.gov.br/ccivil_03/_ato2011-2014/2011/lei/l12527.htm 10 of 13 4/27/2026, 4:02 PM ===== [pag 11] =="
fala_brasil,L12527,11,gov.br,"Segurança Institucional da Presidência da República, o Núcleo L12527 https://www.planalto.gov.br/ccivil_03/_ato2011-2014/2011/lei/l12527.htm 11 of 13 4/27/2026, 4:02 PM ===== [pag 12] =="
fala_brasil,L12527,12,gov.br,"12, de 11 de dezembro de 1990, passa a vigorar com a seguinte L12527 https://www.planalto.gov.br/ccivil_03/_ato2011-2014/2011/lei/l12527.htm 12 of 13 4/27/2026, 4:02 PM ===== [pag 13] =="
fala_brasil,L12527,13,gov.br,"o substitui o publicado no DOU de 18.11.2011 - Edição extra * L12527 https://www.planalto.gov.br/ccivil_03/_ato2011-2014/2011/lei/l12527.htm 13 of 13 4/27/2026, 4:02 PM"
fala_brasil,L13709,1,gov.br,"pessoais cujo titular nele se encontre no momento da coleta. L13709 https://www.planalto.gov.br/ccivil_03/_ato2015-2018/2018/lei/l13709.htm 1 of 29 4/27/2026, 4:03 PM ===== [pag 2] ===="
fala_brasil,L13709,2,gov.br,"o relacionada a pessoa natural identificada ou identificável; L13709 https://www.planalto.gov.br/ccivil_03/_ato2015-2018/2018/lei/l13709.htm 2 of 29 4/27/2026, 4:03 PM ===== [pag 3] ===="
fala_brasil,L13709,3,gov.br,"omo medidas, salvaguardas e mecanismos de mitigação de risco; L13709 https://www.planalto.gov.br/ccivil_03/_ato2015-2018/2018/lei/l13709.htm 3 of 29 4/27/2026, 4:03 PM ===== [pag 4] ===="
fala_brasil,L13709,4,gov.br,"IS Seção I Dos Requisitos para o Tratamento de Dados Pessoais L13709 https://www.planalto.gov.br/ccivil_03/_ato2015-2018/2018/lei/l13709.htm 4 of 29 4/27/2026, 4:03 PM ===== [pag 5] ===="
fala_brasil,L13709,5,gov.br,"escrito, esse deverá constar de cláusula destacada das demais L13709 https://www.planalto.gov.br/ccivil_03/_ato2015-2018/2018/lei/l13709.htm 5 of 29 4/27/2026, 4:03 PM ===== [pag 6] ===="
fala_brasil,L13709,6,gov.br,"esse legítimo, observados os segredos comercial e industrial. L13709 https://www.planalto.gov.br/ccivil_03/_ato2015-2018/2018/lei/l13709.htm 6 of 29 4/27/2026, 4:03 PM ===== [pag 7] ===="
fala_brasil,L13709,7,gov.br,"ultantes do uso e da prestação dos serviços de que trata este L13709 https://www.planalto.gov.br/ccivil_03/_ato2015-2018/2018/lei/l13709.htm 7 of 29 4/27/2026, 4:03 PM ===== [pag 8] ===="
fala_brasil,L13709,8,gov.br,"nsável pela criança, consideradas as tecnologias disponíveis. L13709 https://www.planalto.gov.br/ccivil_03/_ato2015-2018/2018/lei/l13709.htm 8 of 29 4/27/2026, 4:03 PM ===== [pag 9] ===="
fala_brasil,L13709,9,gov.br,"fornecer consentimento e sobre as consequências da negativa; L13709 https://www.planalto.gov.br/ccivil_03/_ato2015-2018/2018/lei/l13709.htm 9 of 29 4/27/2026, 4:03 PM ===== [pag 10] ==="
fala_brasil,L13709,10,gov.br,"(Redação dada pela Medida Provisória nº 869, de 2018) L13709 https://www.planalto.gov.br/ccivil_03/_ato2015-2018/2018/lei/l13709.htm 10 of 29 4/27/2026, 4:03 PM ===== [pag 11] =="
fala_brasil,L13709,11,gov.br,"o mesmo tratamento dispensado às pessoas jurídicas de direito L13709 https://www.planalto.gov.br/ccivil_03/_ato2015-2018/2018/lei/l13709.htm 11 of 29 4/27/2026, 4:03 PM ===== [pag 12] =="
fala_brasil,L13709,12,gov.br,"egulamentação. (Incluído pela Lei nº 13.853, de 2019)Vigência L13709 https://www.planalto.gov.br/ccivil_03/_ato2015-2018/2018/lei/l13709.htm 12 of 29 4/27/2026, 4:03 PM ===== [pag 13] =="
fala_brasil,L13709,13,gov.br,"ração, distinguindo claramente esta de outras finalidades; ou L13709 https://www.planalto.gov.br/ccivil_03/_ato2015-2018/2018/lei/l13709.htm 13 of 29 4/27/2026, 4:03 PM ===== [pag 14] =="
fala_brasil,L13709,14,gov.br,"as, salvaguardas e mecanismos de mitigação de risco adotados. L13709 https://www.planalto.gov.br/ccivil_03/_ato2015-2018/2018/lei/l13709.htm 14 of 29 4/27/2026, 4:03 PM ===== [pag 15] =="
fala_brasil,L13709,15,gov.br,"ído, não houve violação à legislação de proteção de dados; ou L13709 https://www.planalto.gov.br/ccivil_03/_ato2015-2018/2018/lei/l13709.htm 15 of 29 4/27/2026, 4:03 PM ===== [pag 16] =="
fala_brasil,L13709,16,gov.br,"I - medidas para reverter ou mitigar os efeitos do incidente. L13709 https://www.planalto.gov.br/ccivil_03/_ato2015-2018/2018/lei/l13709.htm 16 of 29 4/27/2026, 4:03 PM ===== [pag 17] =="
fala_brasil,L13709,17,gov.br,"ulares dos seus dados pessoais. CAPÍTULO VIII DA FISCALIZAÇÃO L13709 https://www.planalto.gov.br/ccivil_03/_ato2015-2018/2018/lei/l13709.htm 17 of 29 4/27/2026, 4:03 PM ===== [pag 18] =="
fala_brasil,L13709,18,gov.br,"as e governança; X - a pronta adoção de medidas corretivas; e L13709 https://www.planalto.gov.br/ccivil_03/_ato2015-2018/2018/lei/l13709.htm 18 of 29 4/27/2026, 4:03 PM ===== [pag 19] =="
fala_brasil,L13709,19,gov.br,"lta diária a ser aplicada pelo seu descumprimento. (Vigência) L13709 https://www.planalto.gov.br/ccivil_03/_ato2015-2018/2018/lei/l13709.htm 19 of 29 4/27/2026, 4:03 PM ===== [pag 20] =="
fala_brasil,L13709,20,gov.br,"(Incluído pela Medida Provisória nº 869, de 2018) L13709 https://www.planalto.gov.br/ccivil_03/_ato2015-2018/2018/lei/l13709.htm 20 of 29 4/27/2026, 4:03 PM ===== [pag 21] =="
fala_brasil,L13709,21,gov.br,"caput , a autoridade competente deverá zelar pela preservação L13709 https://www.planalto.gov.br/ccivil_03/_ato2015-2018/2018/lei/l13709.htm 21 of 29 4/27/2026, 4:03 PM ===== [pag 22] =="
fala_brasil,L13709,22,gov.br,"a; (Redação dada pela Medida Provisória nº 1.317, de 2025) L13709 https://www.planalto.gov.br/ccivil_03/_ato2015-2018/2018/lei/l13709.htm 22 of 29 4/27/2026, 4:03 PM ===== [pag 23] =="
fala_brasil,L13709,23,gov.br,"ões de confiança da ANPD serão remanejados de outros órgãos e L13709 https://www.planalto.gov.br/ccivil_03/_ato2015-2018/2018/lei/l13709.htm 23 of 29 4/27/2026, 4:03 PM ===== [pag 24] =="
fala_brasil,L13709,24,gov.br,"lico; (Incluído pela Lei nº 13.853, de 2019) L13709 https://www.planalto.gov.br/ccivil_03/_ato2015-2018/2018/lei/l13709.htm 24 of 29 4/27/2026, 4:03 PM ===== [pag 25] =="
fala_brasil,L13709,25,gov.br,"a a sua implementação. (Incluído pela Lei nº L13709 https://www.planalto.gov.br/ccivil_03/_ato2015-2018/2018/lei/l13709.htm 25 of 29 4/27/2026, 4:03 PM ===== [pag 26] =="
fala_brasil,L13709,26,gov.br,"a República. (Incluído pela Medida Provisória L13709 https://www.planalto.gov.br/ccivil_03/_ato2015-2018/2018/lei/l13709.htm 26 of 29 4/27/2026, 4:03 PM ===== [pag 27] =="
fala_brasil,L13709,27,gov.br,"nto; (Incluído pela Lei nº 13.853, de 2019) L13709 https://www.planalto.gov.br/ccivil_03/_ato2015-2018/2018/lei/l13709.htm 27 of 29 4/27/2026, 4:03 PM ===== [pag 28] =="
fala_brasil,L13709,28,gov.br,"e Estudos e Pesquisas Educacionais Anísio Teixeira (Inep), no L13709 https://www.planalto.gov.br/ccivil_03/_ato2015-2018/2018/lei/l13709.htm 28 of 29 4/27/2026, 4:03 PM ===== [pag 29] =="
fala_brasil,L13709,29,gov.br,"018, e republicado parcialmente em 15.8.2018 - Edição extra * L13709 https://www.planalto.gov.br/ccivil_03/_ato2015-2018/2018/lei/l13709.htm 29 of 29 4/27/2026, 4:03 PM"
fala_brasil,L14534,1,gov.br,"or conselhos profissionais será o número de inscrição no CPF. L14534 https://www.planalto.gov.br/ccivil_03/_ato2023-2026/2023/lei/l14534.htm 1 of 4 4/27/2026, 4:03 PM ===== [pag 2] ====="
fala_brasil,L14534,2,gov.br,"....................... § 3º (VETADO).”(NR) Art. 6º (VETADO). L14534 https://www.planalto.gov.br/ccivil_03/_ato2023-2026/2023/lei/l14534.htm 2 of 4 4/27/2026, 4:03 PM ===== [pag 3] ====="
fala_brasil,L14534,3,gov.br,"não substitui o publicado no DOU de 11.1.2023. Edição extra * L14534 https://www.planalto.gov.br/ccivil_03/_ato2023-2026/2023/lei/l14534.htm 3 of 4 4/27/2026, 4:03 PM ===== [pag 4] ====="
fala_brasil,L14534,4,gov.br,"/lei/l14534.htm 3 of 4 4/27/2026, 4:03 PM ===== [pag 4] ===== L14534 https://www.planalto.gov.br/ccivil_03/_ato2023-2026/2023/lei/l14534.htm 4 of 4 4/27/2026, 4:03 PM"
fala_brasil,L7116,1,gov.br,"rasil. (Incluído pela Lei nº 14.129, de 2021) (Vigência) L7116 https://www.planalto.gov.br/ccivil_03/leis/1980-1988/l7116.htm 1 of 3 4/27/2026, 4:01 PM ===== [pag 2] ===== § 1º O ó"
fala_brasil,L7116,2,gov.br,"endência e 95º da República. JOÃO FIGUEIREDO Ibrahim Abi-Ackel L7116 https://www.planalto.gov.br/ccivil_03/leis/1980-1988/l7116.htm 2 of 3 4/27/2026, 4:01 PM ===== [pag 3] ===== Hélio Be"
fala_brasil,L7116,3,gov.br,"rão Este texto não substitui o publicado no DOU de 30.8.1983 * L7116 https://www.planalto.gov.br/ccivil_03/leis/1980-1988/l7116.htm 3 of 3 4/27/2026, 4:01 PM"
fala_brasil,Memoria1aReuniaoCEFIC20250311v2,2,GOV.BR,TCU f. Implantação de funcionalidade “Comunicação de extravio/furto CIN” no aplicativo GOV.BR g. Plano de Comunicação CIN – Colaboração com a Secretaria de Comunicação Social h. Con
fala_brasil,Memoria1aReuniaoCEFIC20250311v2,2,GOV.BR,"urso. Esclarecido que a funcionalidade do “roubo/extravio” está concluída no aplicativo GOV.BR. Quanto ao aplicativo de leitura do QR Code, que está ao encargo do Ministério da Justi"
fala_brasil,MICIN_VERSO_Enviada_PUBLICAO_RESOLUO_24.2025,1,Gov.br,CIN física - papel e cartão CIN digital - Carteira de documentos digitais do aplicativo Gov.br Bases Legais 1 [1..1] Identificação do órgão expedidor Seção 2 [1..1] Órgão Expedidor / C
fala_brasil,MICIN_VERSO_Enviada_PUBLICAO_RESOLUO_24.2025,2,Gov.br,"de 16 anos, para gestão da CIN digital na Carteira de documentos digitais do aplicativo Gov.br. Sem representação. Sem representação. 2 [1..1] Sexo / Sex Texto codificado ICAO Indica o"
fala_brasil,Minuta_RIPD_SIC_GOV_BR1,1,gov.br,"ONOMIA RELATÓRIO DE IMPACTO À PROTEÇÃO DE DADOS PESSOAIS Serviço conta gov.br Brasília, 27 de dezembro de 2022"
fala_brasil,Minuta_RIPD_SIC_GOV_BR1,5,gov.br,DA ECONOMIA RELATÓRIO DE IMPACTO À PROTEÇÃO DE DADOS PESSOAIS - RIPD Serviço conta gov.br OBJETIVO O Relatório de Impacto à Proteção de Dados Pessoais visa descrever os proces
fala_brasil,Minuta_RIPD_SIC_GOV_BR1,5,gov.br,ta Juvina de Medeiros E-mail Encarregada Telefone Encarregada marta.medeiros@economia.gov.br (61) 3412-2498 2 – NECESSIDADE DE ELABORAR O RELATÓRIO A elaboração do RIPD é indic
fala_brasil,Minuta_RIPD_SIC_GOV_BR1,6,gov.br,avaliação e tratamento de riscos. • Fluxos e Processos do Tratamento O serviço conta gov.br é uma solução custeada pelo Ministério da Economia e fornecida gratuitamente ao cidadão
fala_brasil,Minuta_RIPD_SIC_GOV_BR1,6,Gov.br,"ntais e pode ser criada e acessada pela web ou pelo aplicativo. Saiba mais sobre a conta Gov.br. A versão web, ou seja, sites com o prefixo acesso.gov.br, é apresentada ao titular con"
fala_brasil,Minuta_RIPD_SIC_GOV_BR1,6,gov.br,"vo. Saiba mais sobre a conta Gov.br. A versão web, ou seja, sites com o prefixo acesso.gov.br, é apresentada ao titular conforme Figura 1. Figura 1- Acesso gov.br O serviç"
fala_brasil,Minuta_RIPD_SIC_GOV_BR1,6,gov.br,"prefixo acesso.gov.br, é apresentada ao titular conforme Figura 1. Figura 1- Acesso gov.br O serviço versão aplicativo é disponibilizado para dispositivos móveis com sistemas"
fala_brasil,Minuta_RIPD_SIC_GOV_BR1,7,gov.br,"rme Figura 2. ===== [pag 7] ===== MINISTÉRIO DA ECONOMIA Figura 2 – Aplicativo gov.br Com objetivo de alinhar o conhecimento, ambos são considerados em conjunto e chamados"
fala_brasil,Minuta_RIPD_SIC_GOV_BR1,7,gov.br,"e alinhar o conhecimento, ambos são considerados em conjunto e chamados de serviço conta gov.br, porém, caso haja necessidade de especificação, para um melhor esclarecimento, serão ref"
fala_brasil,Minuta_RIPD_SIC_GOV_BR1,7,gov.br,"ção, para um melhor esclarecimento, serão referenciados por seus nomes completos: acesso.gov.br e aplicativo gov.br . No âmbito do Serviço conta gov.br, o Ministério da Economia tra"
fala_brasil,Minuta_RIPD_SIC_GOV_BR1,7,gov.br,"esclarecimento, serão referenciados por seus nomes completos: acesso.gov.br e aplicativo gov.br . No âmbito do Serviço conta gov.br, o Ministério da Economia trata dados pessoais em"
fala_brasil,Minuta_RIPD_SIC_GOV_BR1,7,gov.br,"seus nomes completos: acesso.gov.br e aplicativo gov.br . No âmbito do Serviço conta gov.br, o Ministério da Economia trata dados pessoais em seis fluxos distintos: criação de cont"
fala_brasil,Minuta_RIPD_SIC_GOV_BR1,7,gov.br,"conta. Visando segurança da informação e proteção de dados pessoais, o Serviço conta gov.br atribui níveis de confiabilidade que são Ouro, Prata ou Bronze às contas . Para mais"
fala_brasil,Minuta_RIPD_SIC_GOV_BR1,7,gov.br,"Ouro, Prata ou Bronze às contas . Para mais detalhamento dos níveis das contas: https://gov.br/conta. Para atribuição do nível de segurança à conta, o Ministério da Economia faz us"
fala_brasil,Minuta_RIPD_SIC_GOV_BR1,8,gov.br,"nhecimento facial, internet banking, certificado digital, carrossel de perguntas, balcão gov.br e o balcão SAT. Para criar uma conta de acesso ao gov.br, o compartilhamento do CPF do t"
fala_brasil,Minuta_RIPD_SIC_GOV_BR1,8,gov.br,"carrossel de perguntas, balcão gov.br e o balcão SAT. Para criar uma conta de acesso ao gov.br, o compartilhamento do CPF do titular se faz necessário, pois a partir dele são iniciada"
fala_brasil,Minuta_RIPD_SIC_GOV_BR1,8,gov.br,"dados . Nas contas criadas por meio de interação com Reconhecimento Facial, KBA e Balcão gov.br, o próprio titular fornece seu CPF. Na criação por meio de Bancos Credenciados e Certif"
fala_brasil,Minuta_RIPD_SIC_GOV_BR1,8,gov.br,"vem, o CPF do titular é compartilhado pelo Banco e Provedor do Serviço de Certificado ao gov.br . Após o compartilhamento do CPF, o titular deve confirmar estar ciente do Termo de Uso"
fala_brasil,Minuta_RIPD_SIC_GOV_BR1,8,gov.br,"mo de Uso e Aviso de Privacidade para seguir com a criação da conta. O serviço acesso.gov.br então: • realiza a consulta do CPF (validação biográfica) na base da Receita Federal,"
fala_brasil,Minuta_RIPD_SIC_GOV_BR1,8,gov.br,"(nas bases da ICN e do Renach). Havendo dados biométricos disponíveis, o Serviço conta gov.br oferece ao titular a opção de criação de conta por meio de Reconhecimento Facial. Caso o"
fala_brasil,Minuta_RIPD_SIC_GOV_BR1,8,gov.br,"dadão não possu a biometrias coletadas nas bases de governo mencionadas, o Serviço conta gov.br oferecerá a opção de criação de contas via Bancos Credenciados (internet banking). Se o"
fala_brasil,Minuta_RIPD_SIC_GOV_BR1,9,gov.br,"rica), é necessário que o titular realize a captura de uma foto-selfie, com o aplicativo gov.br . Ao compartilhar, a foto-selfie é encaminhada para batimento biométrico em duas bases"
fala_brasil,Minuta_RIPD_SIC_GOV_BR1,9,gov.br,"r se autentique com sua conta bancária, através de Bancos credenciados ao Serviço conta gov.br, neste processo, o Banco compartilha o número do CPF com o Ministério da Economia. É re"
fala_brasil,Minuta_RIPD_SIC_GOV_BR1,9,gov.br,"para contato (e-mail ou telefone) e criar uma senha para acesso a sua conta. O Balcão gov.br e o Balcão SAT, possuem um processo distinto dos demais mencionados acima, pois é um pro"
fala_brasil,Minuta_RIPD_SIC_GOV_BR1,9,gov.br,escontinuação. O encerramento deste serviço está previsto para o final de 2022. O Balcão gov.br substituirá este serviço. Foram pensadas e implementadas formas distintas para o aces
fala_brasil,Minuta_RIPD_SIC_GOV_BR1,9,gov.br,"pensadas e implementadas formas distintas para o acesso, criação e recuperação da conta gov.br, de forma a buscar amplo acesso aos cidadãos e mitigar riscos de acessibilidade a ela at"
fala_brasil,Minuta_RIPD_SIC_GOV_BR1,11,gov.br,s. Os provedores de certificado digital compartilham CPF e nome para o serviço conta gov.br . Nos fluxos de interação com Certificado Digital não há validação do CPF na base da RF
fala_brasil,Minuta_RIPD_SIC_GOV_BR1,11,gov.br,"momento do uso do certificado digital é realizado um redirecionamento pelo Serviço conta gov.br para o provedor que valida os dados do certificado digital, inclusive se não está revoga"
fala_brasil,Minuta_RIPD_SIC_GOV_BR1,11,gov.br,"icado digital, inclusive se não está revogado, e o provedor retorna para o Serviço conta gov.br a autenticação do CPF, liberando assim o acesso via certificado digital. Para criar u"
fala_brasil,Minuta_RIPD_SIC_GOV_BR1,11,gov.br,", liberando assim o acesso via certificado digital. Para criar uma conta de acesso ao gov.br, por meio de Certificado Digital e Certificado Digital em Nuvem: • na página do acess"
fala_brasil,Minuta_RIPD_SIC_GOV_BR1,11,gov.br,por meio de Certificado Digital e Certificado Digital em Nuvem: • na página do acesso.gov.br o titular indica o seu certificado digital em máquina ou realiza os procedimentos necess
fala_brasil,Minuta_RIPD_SIC_GOV_BR1,11,gov.br,"provedor, caso utilize certificado em nuvem; • os provedores do certificado enviam ao gov.br o CPF do titular; • o titular confirma estar ciente do Termo de Uso e Aviso de Privaci"
fala_brasil,Minuta_RIPD_SIC_GOV_BR1,12,gov.br,"l, ao realizarem a autenticação pela primeira vez, serão direcionados a área Minha Conta gov.br e precisarão realizar passos adicionais para vinculação da conta ao CNPJ, conforme ilust"
fala_brasil,Minuta_RIPD_SIC_GOV_BR1,13,gov.br,so de vinculação. Figura 9 Cadastro do colaborador do CNPJ O serviço conta gov.br permite o cadastramento de pessoas que não pertencem diretamente a empresa. Esse cadastr
fala_brasil,Minuta_RIPD_SIC_GOV_BR1,13,gov.br,"iretamente a empresa. Esse cadastro ocorre pela indicação de colaboradores. Balcão gov.br O Balcão de Atendimento gov.br é um sistema de criação e recuperação da conta gov.br,"
fala_brasil,Minuta_RIPD_SIC_GOV_BR1,13,gov.br,"o ocorre pela indicação de colaboradores. Balcão gov.br O Balcão de Atendimento gov.br é um sistema de criação e recuperação da conta gov.br, desenvolvido pelo Serpro em parce"
fala_brasil,Minuta_RIPD_SIC_GOV_BR1,13,gov.br,"o gov.br O Balcão de Atendimento gov.br é um sistema de criação e recuperação da conta gov.br, desenvolvido pelo Serpro em parceria com o Ministério da Economia. Nele o cidadão que"
fala_brasil,Minuta_RIPD_SIC_GOV_BR1,13,gov.br,• Estar cadastrado no sistema com o perfil de atendente ou gestor; • Possuir conta gov.br com o selo de confiabilidade “prata”; • Estar com a verificação em duas etapas (segund
fala_brasil,Minuta_RIPD_SIC_GOV_BR1,13,gov.br,. A verificação em duas etapas é aplicada na área de configuração de segurança da conta gov.br na versão web. Abaixo segue duas telas sobre o procedimento: Habilitação da verifica
fala_brasil,Minuta_RIPD_SIC_GOV_BR1,14,gov.br,"de Minas Gerais no serviço UAI. O sistema é acessado por meio da URL www.balcao.acesso.gov.br . Para mais detalhamento dos processos mencionados acima, vide o fluxo a seguir: Fl"
fala_brasil,Minuta_RIPD_SIC_GOV_BR1,14,gov.br,"ncionados acima, vide o fluxo a seguir: Fluxo técnico Login Único - Criação Via Balcão gov.br .png ===== [pag 15] ===== MINISTÉRIO DA ECONOMIA Figura 12 Recuperação da"
fala_brasil,Minuta_RIPD_SIC_GOV_BR1,15,gov.br,"Recuperação da conta Caso o titular não lembre a sua senha de acesso ao Serviço conta gov.br, para recuperar a conta, há as seguintes possibilidades: • reconhecimento facial pel"
fala_brasil,Minuta_RIPD_SIC_GOV_BR1,15,gov.br,"possível a recuperação de conta comparecendo presencialmente a um balcão de atendimento gov.br em um dos órgãos parceiros (processo simil ar da criação de conta). Após este processo,"
fala_brasil,Minuta_RIPD_SIC_GOV_BR1,16,gov.br,"a do serviço, a autenticação pode ser realizada tanto na versão Web quanto no aplicativo gov.br . Além da autenticação por meio do compartilhamento do CPF e senha, é possível autentica"
fala_brasil,Minuta_RIPD_SIC_GOV_BR1,17,gov.br,"da conta; • Para autenticação por meio de QR-Code, será necessário o uso do aplicativo gov.br. Ao clicar na opção Login com QR -Code, uma tela com o código será aberta . No aplicati"
fala_brasil,Minuta_RIPD_SIC_GOV_BR1,17,gov.br,o pção Leitura de QR -Code no aplicativo e realizar o procedimento de leitura. Assim o gov.br realizará a autenticação do titular no serviço. Aplicativo gov.br: • é possível a
fala_brasil,Minuta_RIPD_SIC_GOV_BR1,17,gov.br,"e leitura. Assim o gov.br realizará a autenticação do titular no serviço. Aplicativo gov.br: • é possível autenticar por meio dos Bancos Credenciados, o titular deverá seguir o"
fala_brasil,Minuta_RIPD_SIC_GOV_BR1,17,gov.br,"a criação da conta; • no caso de Certificados Digitais, nesta versão do serviço conta gov.br, é possível realizar a autenticação somente por meio dos Certificados A3. Em ambas as"
fala_brasil,Minuta_RIPD_SIC_GOV_BR1,17,gov.br,"el de confiabilidade, o titular precisa estar logado em sua conta e na sessão Minha área gov.br iniciar o processo. Dependendo do nível de confiabilidade atual da conta, o titular será"
fala_brasil,Minuta_RIPD_SIC_GOV_BR1,17,gov.br,"os diferenciados: • Web: após clicar em Aumentar o Nível e finalizada a validação pelo gov.br sobre qual o nível de confiabilidade da conta atual, o titular é direcionado a escolher"
fala_brasil,Minuta_RIPD_SIC_GOV_BR1,17,gov.br,uma tela para leitura do certificado (máquina) será apresentada na tela; • Aplicativo gov.br: após clicar em Aumentar o Níve l e finalizada a validação pelo gov.br sobre qual o níve
fala_brasil,Minuta_RIPD_SIC_GOV_BR1,17,gov.br,"; • Aplicativo gov.br: após clicar em Aumentar o Níve l e finalizada a validação pelo gov.br sobre qual o nível de confiabilidade da conta atual, o titular é direcionado a realizaçã"
fala_brasil,Minuta_RIPD_SIC_GOV_BR1,18,gov.br,"lteração de dados A alteração de dados pode ser realizada diretamente no Serviço conta gov.br. Os dados adicionados diretamente pelo titular são passíveis de alteração: e-mail, telef"
fala_brasil,Minuta_RIPD_SIC_GOV_BR1,18,Fala.BR,como Foto-selfie. Exclusão da conta O Ministério da Economia utiliza a plataforma Fala.BR (falabr .cgu.gov.br) como meio de comunicação entre o órgão e o titular. Para registro d
fala_brasil,Minuta_RIPD_SIC_GOV_BR1,18,falabr,-selfie. Exclusão da conta O Ministério da Economia utiliza a plataforma Fala.BR (falabr .cgu.gov.br) como meio de comunicação entre o órgão e o titular. Para registro da solici
fala_brasil,Minuta_RIPD_SIC_GOV_BR1,18,gov.br,"Exclusão da conta O Ministério da Economia utiliza a plataforma Fala.BR (falabr .cgu.gov.br) como meio de comunicação entre o órgão e o titular. Para registro da solicitação, o tit"
fala_brasil,Minuta_RIPD_SIC_GOV_BR1,18,gov.br,"foto e escrever sua solicitação. A solicitação é encaminhada a equipe do Serviço conta gov.br, a qual entra em contato com o titular do dado para atendimento a solicitação. Reuso"
fala_brasil,Minuta_RIPD_SIC_GOV_BR1,19,gov.br,"nte obter acesso aos dados. 4. O titular dos dados pessoais, autoriza o serviço de conta gov.br a autenticar na solução da empresa solicitante dos dados. 5. O titular dos dados pessoa"
fala_brasil,Minuta_RIPD_SIC_GOV_BR1,19,gov.br,"dos dados. 5. O titular dos dados pessoais, devidamente autenticado no serviço de conta gov.br, poderá consentir ou não, que seus dados sejam compartilhados com a empresa solicitante"
fala_brasil,Minuta_RIPD_SIC_GOV_BR1,19,gov.br,"erno como Plataforma, os dados de contato e -mail, telefone, endereço, do serviço contas gov.br . ===== [pag 20] ===== MINISTÉRIO DA ECONOMIA O Modelo Governo como Plataforma p"
fala_brasil,Minuta_RIPD_SIC_GOV_BR1,20,gov.br,"odelo Governo como Plataforma proporcionará a identificação do cidadão por meio da conta gov.br (utilizando nome, cpf e nível de confiabilidade da conta) e o compartilhamento de dados"
fala_brasil,Minuta_RIPD_SIC_GOV_BR1,20,gov.br,"completa avaliação do impacto da disponibilização dos dados de contato do serviço conta gov.br para setor não governamental, é necessária a análise dos dois Relatórios de Impacto de P"
fala_brasil,Minuta_RIPD_SIC_GOV_BR1,20,gov.br,"icas do modelo. 3.1 – NATUREZA DO TRATAMENTO Nesta seção é descrito como a plataforma gov.br trata os dados pessoais, apresentando informações sobre: o Fonte e utilização; o Agent"
fala_brasil,Minuta_RIPD_SIC_GOV_BR1,20,gov.br,"rivacidade adotados • Fonte e utilização As fontes de dados pessoais do Serviço conta gov.br são o titular de dados pessoais, as bases da RFB, da ICN, do Renach, de Bancos credencia"
fala_brasil,Minuta_RIPD_SIC_GOV_BR1,20,gov.br,"vestigação de fraudes. • Agentes e Tratamentos de Dados pessoais Para o Serviço conta gov.br, as decisões referentes ao tratamento de dados pessoais são de responsabilidade do Minis"
fala_brasil,Minuta_RIPD_SIC_GOV_BR1,20,gov.br,"do controlador dos dados pessoais. Quando o titular prova sua identidade com a conta gov.br, o Serviço conta gov.br consulta e valida os dados em outras bases de dados governamenta"
fala_brasil,Minuta_RIPD_SIC_GOV_BR1,20,gov.br,"s pessoais. Quando o titular prova sua identidade com a conta gov.br, o Serviço conta gov.br consulta e valida os dados em outras bases de dados governamentais, como o cadastro do C"
fala_brasil,Minuta_RIPD_SIC_GOV_BR1,20,gov.br,"roladores durante esse processo. Como alternativas para a autenticação no Serviço conta gov.br, é disponibilizada ao titular a possibilidade de autentica ção por provedores de certif"
fala_brasil,Minuta_RIPD_SIC_GOV_BR1,21,gov.br,"des certificadoras e os Bancos também atuam como Controladores. Para o serviço contas gov.br, o tratamento de dados pessoais, em nome do Ministério da Economia, é realizado pelos op"
fala_brasil,Minuta_RIPD_SIC_GOV_BR1,21,gov.br,terminações do Ministério da Economia. Os dados pessoais tratados para o Serviço conta gov.br são armazenados nas unidades do Serpro. Em São Paulo fica o ambiente de produção e os ba
fala_brasil,Minuta_RIPD_SIC_GOV_BR1,21,gov.br,lo processo de recuperação de contas através do canal: https://portaldeservicos.economia.gov.br/atendimento/ A CentralIT é responsável pelo tratamento de dados pessoais para a recupera
fala_brasil,Minuta_RIPD_SIC_GOV_BR1,21,gov.br,"tão no RIPD do Formulário de atendimento) • Eliminação dos dados A exclusão da conta gov.br acontece com pedido expresso do usuário, mas os dados de logs de uso permanecem retidos."
fala_brasil,Minuta_RIPD_SIC_GOV_BR1,21,gov.br,"de 9 de outubro de 2019. Quando o titular acessa serviços, autenticando com sua conta gov.br, ele é perguntado se autoriza o compartilhamento de dados pessoais, da base do Serviço"
fala_brasil,Minuta_RIPD_SIC_GOV_BR1,21,gov.br,"é perguntado se autoriza o compartilhamento de dados pessoais, da base do Serviço conta gov.br, com o ente que executa o serviço e este ente passa a ser o controlador dos dados, te"
fala_brasil,Minuta_RIPD_SIC_GOV_BR1,21,gov.br,"ade. Solicitação dos Entes públicos: Para que o ente público integre o Serviço conta gov.br, como um login único para seus sites, é preciso preencher o documento de solicitação do"
fala_brasil,Minuta_RIPD_SIC_GOV_BR1,22,gov.br,cordância com o tratamento de seus dados pessoais pelo serviço autenticado com sua conta gov.br . Esta autorização pode ser verificada a qualquer momento na área de Autorizações da c
fala_brasil,Minuta_RIPD_SIC_GOV_BR1,22,gov.br,"tal. Nesta fase piloto, a primeira base a ser compartilhada, será a do serviço de contas gov.br, minimizado aos dados de contato: e-mail, telefone e endereço, com autorização e consent"
fala_brasil,Minuta_RIPD_SIC_GOV_BR1,22,gov.br,"ntimento do titular de dados. Para que a empresa/organização integre o serviço de contas gov.br, com um login único, é preciso um credenciamento. Autorização dos titulares de dado"
fala_brasil,Minuta_RIPD_SIC_GOV_BR1,23,gov.br,rviço privado ===== [pag 23] ===== MINISTÉRIO DA ECONOMIA autenticado com sua conta gov.br . Esta autorização pode ser verificada a qualquer momento na área de Autorizações da con
fala_brasil,Minuta_RIPD_SIC_GOV_BR1,23,gov.br,"entimento pode ser verificado a qualquer momento na área de Consentimentos do aplicativo gov.br . O titular pode desautorizar futuros compartilhamentos, mas os dados compartilhados ant"
fala_brasil,Minuta_RIPD_SIC_GOV_BR1,24,gov.br,"ento destas informações conclui-se que o tratamento de dados pessoais , no Serviço conta gov.br, é realizado em alta escala. O serviço conta gov.br possui dois operadores e visto a c"
fala_brasil,Minuta_RIPD_SIC_GOV_BR1,24,gov.br,"dados pessoais , no Serviço conta gov.br, é realizado em alta escala. O serviço conta gov.br possui dois operadores e visto a complexidade, este RIPD se limita ao tratamento de dado"
fala_brasil,Minuta_RIPD_SIC_GOV_BR1,24,gov.br,"m ou que podem identificar o titular como um cidadão, para o uso seguro do Serviço conta gov.br. As categorias de dados tratados são: o Identificação atribuídas por instituições go"
fala_brasil,Minuta_RIPD_SIC_GOV_BR1,24,gov.br,"stituições governamentais/Biográfico: Número do CPF e Dados de vinculação de empresas do gov.br (CNPJ); o Identificação pessoal/Biográfico: Nome, E-mail, Telefone, Endereço o Seguranç"
fala_brasil,Minuta_RIPD_SIC_GOV_BR1,24,gov.br,"• Período de retenção Os dados pesso ais armazenados nas bases de dados do Serviço conta gov.br, durante o período que o usuário tem conta são: Foto/selfie, CPF, nome, e-mail, telefone"
fala_brasil,Minuta_RIPD_SIC_GOV_BR1,24,gov.br,"am em área restrita do dispositivo móvel, com permissão de acesso apenas pelo aplicativo gov.br . Esses dados são consultados na base da RFB e atualizados no aplicativo a cada 7 dias."
fala_brasil,Minuta_RIPD_SIC_GOV_BR1,24,gov.br,"a RFB e atualizados no aplicativo a cada 7 dias. A foto-selfie, capturada no aplicativo gov.br, é armazenada na base de dados do Serviço conta gov.br. Futuramente essa mesma foto-self"
fala_brasil,Minuta_RIPD_SIC_GOV_BR1,24,gov.br,"o-selfie, capturada no aplicativo gov.br, é armazenada na base de dados do Serviço conta gov.br. Futuramente essa mesma foto-selfie será usada pela versão web do Serviço conta gov.br,"
fala_brasil,Minuta_RIPD_SIC_GOV_BR1,24,gov.br,"a gov.br. Futuramente essa mesma foto-selfie será usada pela versão web do Serviço conta gov.br, em substituição a imagem de perfil. Se o titular decidir trocar a foto-selfie, a nova"
fala_brasil,Minuta_RIPD_SIC_GOV_BR1,24,gov.br,"toso e com capacidade limitada de resposta. É possível alteração direto no Serviço conta gov.br para os dados de nome, e-mail, telefone, endereço e imagem de perfil. O endereço pode s"
fala_brasil,Minuta_RIPD_SIC_GOV_BR1,25,gov.br,"o Tratamento. O tempo de retenção apresentado se refere à base de dados do Serviço conta gov.br, ou seja, os dados pessoais são tratados enquanto o titular possuir conta gov.br. No cas"
fala_brasil,Minuta_RIPD_SIC_GOV_BR1,25,gov.br,"o conta gov.br, ou seja, os dados pessoais são tratados enquanto o titular possuir conta gov.br. No caso dos logs referentes ao uso da conta, estes são tratados durante o tempo que o u"
fala_brasil,Minuta_RIPD_SIC_GOV_BR1,25,gov.br,"a Tabela 1, também são armazenados por cookies estritamente necessários do Serviço conta gov.br. No Anexo A há mais detalhes sobre esses cookies. Tabela 1 - Descrição dos dados pesso"
fala_brasil,Minuta_RIPD_SIC_GOV_BR1,26,gov.br,icar GaaP Consentimento Titular pode alterar direto no serviço conta gov.br . Identificação pessoal Biográfico E-mail Titular Preencher cadastro e Notificar
fala_brasil,Minuta_RIPD_SIC_GOV_BR1,26,gov.br,"ída, os dados de logs ficam retidos. Titular pode alterar direto no serviço conta gov.br . Identificação pessoal Biográfico Telefone Titular Preencher cadastro e Notif"
fala_brasil,Minuta_RIPD_SIC_GOV_BR1,26,gov.br,"ída, os dados de logs ficam retidos. Titular pode alterar direto no serviço conta gov.br . Identificação pessoal Biográfico Endereço Titular Preencher cadastro Políticas"
fala_brasil,Minuta_RIPD_SIC_GOV_BR1,27,gov.br,os de logs ficam retidos. Titular pode alterar ou excluir direto no serviço conta gov.br . Segurança Senha Titular Identificar por biografia Políticas Públicas Até s
fala_brasil,Minuta_RIPD_SIC_GOV_BR1,27,gov.br,a do Titular para exclusão da conta. Titular pode alterar direto no serviço conta gov.br . Identificação eletrônica Endereço IP Titular Monitorar Obrigação Legal Até s
fala_brasil,Minuta_RIPD_SIC_GOV_BR1,28,gov.br,O DA ECONOMIA logs ficam retidos. Titular pode alterar direto no serviço conta gov.br . Detalhes pessoais Biográfico Data de nascimento Titular e RFB Identificar por b
fala_brasil,Minuta_RIPD_SIC_GOV_BR1,28,gov.br,te o processo de validação. Não há armazename nto do dado na base do serviço conta gov.br Detalhes pessoais Biográfico Naturalidade Titular e RFB Identificar por biografia
fala_brasil,Minuta_RIPD_SIC_GOV_BR1,28,gov.br,te o processo de validação. Não há armazename nto do dado na base do serviço conta gov.br Membros da família Biográfico Nome da mãe Titular e RFB Identificar por biografia
fala_brasil,Minuta_RIPD_SIC_GOV_BR1,28,gov.br,te o processo de validação. Não há armazename nto do dado na base do serviço conta gov.br Dado Biométrico/ Sensível Foto-selfie Titular Identificar por biometria Dado Sens
fala_brasil,Minuta_RIPD_SIC_GOV_BR1,29,gov.br,"Segurança Nível de Confiabilidade da conta (ouro, prata e bronze) Serviço conta gov.br Identificar por biografia, Preencher cadastro Monitorar Identif"
fala_brasil,Minuta_RIPD_SIC_GOV_BR1,29,gov.br,"ída, os dados de logs ficam retidos. Titular pode alterar direto no serviço conta gov.br . Identificação atribuídas por instituições governament ais Dados de vinculação de"
fala_brasil,Minuta_RIPD_SIC_GOV_BR1,29,gov.br,"ão atribuídas por instituições governament ais Dados de vinculação de empresas do gov.br (CNPJ) Certificado Digital de pessoa jurídica Identificar por biografia, Preench"
fala_brasil,Minuta_RIPD_SIC_GOV_BR1,30,gov.br,• Abrangência da área geográfica do tratamento Os dados pessoais associados à conta do gov.br são tratados em território nacional (Brasil). 3.3 – CONTEXTO DO TRATAMENTO Nesta seçã
fala_brasil,Minuta_RIPD_SIC_GOV_BR1,30,gov.br,"O Ministério da Economia, no âmbito de seu relacionamento público , pelo Serviço conta gov.br, é centrado no titular que necessit a de uma conta para ter acesso aos serviços digitais"
fala_brasil,Minuta_RIPD_SIC_GOV_BR1,31,gov.br,ÉRIO DA ECONOMIA sua autorização e atualizar seus dados diretamente no Serviço conta gov.br e exercer outros direitos através do canal Fala.BR. Mais detalhamento no tópico 5. Para
fala_brasil,Minuta_RIPD_SIC_GOV_BR1,31,Fala.BR,eus dados diretamente no Serviço conta gov.br e exercer outros direitos através do canal Fala.BR. Mais detalhamento no tópico 5. Para o piloto do Modelo Governo como plataforma: Os tit
fala_brasil,Minuta_RIPD_SIC_GOV_BR1,31,gov.br,"oais podem autorizar o login e revogar sua autorização diretamente no serviço de contas gov.br e consentir o compartilhamento de seus dados de contatos, além de exercer outros direito"
fala_brasil,Minuta_RIPD_SIC_GOV_BR1,31,gov.br,"contatos, além de exercer outros direitos previstos na LGPD, diretamente no aplicativo gov.br e do canal Fala.BR. • Expectativa do titular O Aviso de Privacidade, disponível no"
fala_brasil,Minuta_RIPD_SIC_GOV_BR1,31,Fala.BR,"exercer outros direitos previstos na LGPD, diretamente no aplicativo gov.br e do canal Fala.BR. • Expectativa do titular O Aviso de Privacidade, disponível no Serviço conta gov."
fala_brasil,Minuta_RIPD_SIC_GOV_BR1,31,gov.br,"a.BR. • Expectativa do titular O Aviso de Privacidade, disponível no Serviço conta gov.br, visa esclarecer ao titular como seus dados pessoais serão tratados, além de seus direit"
fala_brasil,Minuta_RIPD_SIC_GOV_BR1,32,gov.br,"os esperados para o Ministério da Economia. • Finalidades No âmbito do Serviço conta gov.br, os dados pessoais são tratados com as finalidades de: • Provar a identidade do titular"
fala_brasil,Minuta_RIPD_SIC_GOV_BR1,32,gov.br,"á realizado para duas finalidades: • Provar a identidade do titular, através da conta gov.br (Identificar gaap) e • Obter dados para entrar em contato nas relações institucionais"
fala_brasil,Minuta_RIPD_SIC_GOV_BR1,34,gov.br,"ncarregada Forneceu orientações quanto ao tratamento de dados pessoais no Serviço conta gov.br e ao processo de elaboração deste RIPD. • Partes gerenciais Coordenadores, servidor"
fala_brasil,Minuta_RIPD_SIC_GOV_BR1,34,gov.br,icas e administrativas sobre o processo de trabalho executado no âmbito do Serviço conta gov.br. • Partes operacionais Coordenação Geral de Segurança da Informação do Ministério d
fala_brasil,Minuta_RIPD_SIC_GOV_BR1,34,gov.br,"o, como as ouvidorias, reclamando das autoridades ações para melhoria d o Serviço conta gov.br ===== [pag 35] ===== MINISTÉRIO DA ECONOMIA 5 – NECESSIDADE E PROPORCIONALIDADE"
fala_brasil,Minuta_RIPD_SIC_GOV_BR1,36,gov.br,"NISTÉRIO DA ECONOMIA Decreto 8.936, de 2016: Art. 1º Fica instituída a Plataforma gov.br, no âmbito da administração pública federal direta, autárquica e fundacional, com a fina"
fala_brasil,Minuta_RIPD_SIC_GOV_BR1,36,gov.br,"às informações e a prestação direta dos serviços públicos; Art. 3º Compõem a Plataforma gov.br: (Redação dada pelo Decreto nº 10.900, de 2021) … II - o mecanismo de acesso digital"
fala_brasil,Minuta_RIPD_SIC_GOV_BR1,37,gov.br,"ato são fornecidos pelo titular, que manifesta ciência do Termo de Uso d o Serviço conta gov.br, no qual destaca -se a responsabilidade do titular informar dados verdadeiros e atualiza"
fala_brasil,Minuta_RIPD_SIC_GOV_BR1,37,gov.br,"de contato, foto selfie e imagem de perfil é possível alteração direto no Serviço conta gov.br e esses dados são apenas alterados na base de dados do Serviço conta gov.br, não havendo"
fala_brasil,Minuta_RIPD_SIC_GOV_BR1,37,gov.br,"erviço conta gov.br e esses dados são apenas alterados na base de dados do Serviço conta gov.br, não havendo nenhuma alteração nas bases de dados da qual se originou o dado, RFB, Banco"
fala_brasil,Minuta_RIPD_SIC_GOV_BR1,37,gov.br,de negócios do mesmo. A escolha dos dados coletados para implementação d o Serviço conta gov.br foi resultado de intensos estudos realizados pelo Ministério da Economia com a preocupaç
fala_brasil,Minuta_RIPD_SIC_GOV_BR1,38,gov.br,"es para assegurar a conformidade do operador Por ter toda a estrutura d o Serviço conta gov.br dentro dos centros de processamento de dados do Serpro, o Ministério da Economia provê"
fala_brasil,Minuta_RIPD_SIC_GOV_BR1,38,gov.br,"elo de negócio, o operador tem o compromisso de não fazer uso dos dados do Serviço conta gov.br para fins diversos do acordado com o controlador . Melhorias constantes são realizadas n"
fala_brasil,Minuta_RIPD_SIC_GOV_BR1,38,gov.br,"sos do acordado com o controlador . Melhorias constantes são realizadas no Serviço conta gov.br, visando adequá-la aos preceitos expostos na LGPD sob o conceito “Privacy-by-default” e"
fala_brasil,Minuta_RIPD_SIC_GOV_BR1,38,govbr,"o de seus dados pessoais e seus direitos através do Aviso de Privacidade. (https://p2.appgovbr .estaleiro.serpro.gov.br/api/legal) A página https://consentimento.acesso.gov.br/, per"
fala_brasil,Minuta_RIPD_SIC_GOV_BR1,38,gov.br,"e seus direitos através do Aviso de Privacidade. (https://p2.appgovbr .estaleiro.serpro.gov.br/api/legal) A página https://consentimento.acesso.gov.br/, permite ao titular verificar"
fala_brasil,Minuta_RIPD_SIC_GOV_BR1,38,gov.br,"/p2.appgovbr .estaleiro.serpro.gov.br/api/legal) A página https://consentimento.acesso.gov.br/, permite ao titular verificar seus dados compartilhados e pode desautorizar os comparti"
fala_brasil,Minuta_RIPD_SIC_GOV_BR1,38,gov.br,"ilhados e pode desautorizar os compartilhamentos futuros. Diretamente no Serviço conta gov.br é permitido ao titular consulta, exclusão e alteração de dados pessoais, conforme explic"
fala_brasil,Minuta_RIPD_SIC_GOV_BR1,38,Fala.BR,"ópico 3.2. Para o titular exercer os demais direitos, como exclusão da conta, há o canal Fala.BR. Marta Juvina de Medeiros, contato: Fala.BR (falabr.cgu.gov.br) Endereço: Minist"
fala_brasil,Minuta_RIPD_SIC_GOV_BR1,38,Fala.BR,"tos, como exclusão da conta, há o canal Fala.BR. Marta Juvina de Medeiros, contato: Fala.BR (falabr.cgu.gov.br) Endereço: Ministério da Economia. Esplanada dos Ministérios, Bloco"
fala_brasil,Minuta_RIPD_SIC_GOV_BR1,38,falabr,"exclusão da conta, há o canal Fala.BR. Marta Juvina de Medeiros, contato: Fala.BR (falabr.cgu.gov.br) Endereço: Ministério da Economia. Esplanada dos Ministérios, Bloco P, 4º a"
fala_brasil,Minuta_RIPD_SIC_GOV_BR1,38,gov.br,"a conta, há o canal Fala.BR. Marta Juvina de Medeiros, contato: Fala.BR (falabr.cgu.gov.br) Endereço: Ministério da Economia. Esplanada dos Ministérios, Bloco P, 4º andar, sala"
fala_brasil,Minuta_RIPD_SIC_GOV_BR1,38,gov.br,"s pelas empresas/organizações participantes, poderão ser acessados através do aplicativo gov.br . • Salvaguardas para as transferências internacionais de dados O Ministério da Ec"
fala_brasil,Minuta_RIPD_SIC_GOV_BR1,43,gov.br,"iminuem o nível do risco. A Tabela 6 é resultado da última avaliação de riscos do acesso.gov.br , com a maioria dos controles de segurança e privacidade já implementados. A classifica"
fala_brasil,Minuta_RIPD_SIC_GOV_BR1,47,gov.br,"objeto a concepção, implementação, implantação, manutenção e a operação do Serviço conta gov.br . Este contrato estabelece requisitos e obrigações no que diz respeito a segurança da in"
fala_brasil,Minuta_RIPD_SIC_GOV_BR1,48,gov.br,"o e atribuição de níveis conforme as normas de segurança do GSI/PR”. O Serviço conta gov.br está hospedad o em centro de dados do Serpro . No Serpro, são implementadas normas para"
fala_brasil,Minuta_RIPD_SIC_GOV_BR1,48,gov.br,"mas são para uso interno e de uma forma geral são adequadas e aplicadas ao Serviço conta gov.br . Em algumas situações são estabelecidos requisitos específicos por parte do contrato, c"
fala_brasil,Minuta_RIPD_SIC_GOV_BR1,48,gov.br,resenta uma breve descrição para os Controles de segurança adotados para o Serviço conta gov.br. Mais detalhes do conjunto de medidas para cada Controle são encontrados na Planilha de
fala_brasil,Minuta_RIPD_SIC_GOV_BR1,50,gov.br,senta uma breve descrição para os Controles de Privacidade adotados para o Serviço conta gov.br. Mais detalhes do conjunto de medidas para cada Controle são encontrados na Planilha de
fala_brasil,Minuta_RIPD_SIC_GOV_BR1,54,gov.br,"e RIPD. O titular não tem permissão de desativar esses cookies através do Serviço conta gov.br. Caso o titular decida por apagá -los ou bloqueá -los, através de outros recursos, não"
fala_brasil,Minuta_RIPD_SIC_GOV_BR1,54,gov.br,"-los, através de outros recursos, não permitirá o funcionamento correto do serviço conta gov.br. Nome Finalidade Duração Session_Gov_Br_Prod Identificar a sessão do titular Até t"
fala_brasil,Minuta_RIPD_SIC_GOV_BR1,54,Gov_Br,irá o funcionamento correto do serviço conta gov.br. Nome Finalidade Duração Session_Gov_Br_Prod Identificar a sessão do titular Até terminar a sessão de navegação INGRESSCOOKI
fala_brasil,Minuta_RIPD_SIC_GOV_BR1,54,gov.br,"* Conter informações criptografadas do login, como access token e id token do acesso.gov.br . Até terminar a sessão de navegação XSRF-TOKEN Impedir ataques de solicitação fals"
fala_brasil,Minuta_RIPD_SIC_GOV_BR1,54,Govbr,dir ataques de solicitação falsa entre sites Até terminar a sessão de navegação Sid-Govbr-Emp Conter informações criptografadas do lado do titular Até terminar a sessão de
fala_brasil,Minuta_RIPD_SIC_GOV_BR1,55,gov.br,"r* Contém informações criptografadas do login, como access token e id token do acesso.gov.br Até terminar a sessão de navegação Govbr-Emp- SessionSession Armazenar a sessão do t"
fala_brasil,Minuta_RIPD_SIC_GOV_BR1,55,Govbr,"in, como access token e id token do acesso.gov.br Até terminar a sessão de navegação Govbr-Emp- SessionSession Armazenar a sessão do titular com tempo de expiração 1 hora Gov"
fala_brasil,Minuta_RIPD_SIC_GOV_BR1,55,Govbr,vbr-Emp- SessionSession Armazenar a sessão do titular com tempo de expiração 1 hora Govbr-Emp-SessionU- Ssn Conter informações criptografadas do acesso 1 hora Govbr-Emp-Sess
fala_brasil,Minuta_RIPD_SIC_GOV_BR1,55,Govbr,1 hora Govbr-Emp-SessionU- Ssn Conter informações criptografadas do acesso 1 hora Govbr-Emp-SessionXsrf Conter informações criptografadas do lado do servidor 1 hora Ges_
fala_brasil,Minuta_RIPD_SIC_GOV_BR1,55,Govbr,Ges_Prod_Xsrf Conter informações criptografadas do lado do servidor 1 hora Sid-Govbr-Gestao Conter o csrf criptografado do lado do frontend. Até terminar a sessão de nave
fala_brasil,Minuta_RIPD_SIC_GOV_BR1,56,gov.br,"tério da Economia e Secretaria do Governo Digital, nas quais se respalda o Serviço conta gov.br. o Decreto nº 10.332, de 28 de abril de 2020 - Institui a Estratégia de Governo Digital"
fala_brasil,Minuta_RIPD_SIC_GOV_BR1,56,gov.br,"is e privados. o Decreto nº 9.756, de 11 de abril de 2019 - Institui o portal único “gov.br” e se propõe sobre as regras de unificação dos canais digitais do Governo federal. o De"
fala_brasil,portaria-sgd_mgi-no-2-474_10_06_2026,1,gov.br,"SGD/MGI Nº 2.474, DE 10 DE JUNHO DE 2026 - PORTARIA SGD/MGI Nº 2.474, ... https://www.in.gov.br/web/dou/-/portaria-sgd/mgi-n-2.474-de-10-de-junho-de-2026-712102320 1 of 1 6/17/2026, 10:"
fala_brasil,Portaria_58050721_PORTARIA_SGD_MGI_N__1.120__DE_12_DE_FEVEREIRO_DE_202__36705b,1,gov.br,"ORTARIA SGD/MGI Nº 1.120, DE 12 DE FEVEREIRO DE 2026 - DOU - Imprensa Nacional https://in.gov.br/web/dou/-/portaria-sgd/mgi-n-1.120-de-12-de-fevereiro-de-2026-687459023 1/1"
fala_brasil,Portaria_58050795_PORTARIA_SGD_MGI_N__1.121__DE_12_DE_FEVEREIRO_DE_202__27ea5f,1,gov.br,"ORTARIA SGD/MGI Nº 1.121, DE 12 DE FEVEREIRO DE 2026 - DOU - Imprensa Nacional https://in.gov.br/web/dou/-/portaria-sgd/mgi-n-1.121-de-12-de-fevereiro-de-2026-687429070 1/1"
fala_brasil,Portaria_58050936_PORTARIA_SGD_MGI_N__1.228__DE_12_DE_FEVEREIRO_DE_202__64f774,1,gov.br,"ORTARIA SGD/MGI Nº 1.228, DE 12 DE FEVEREIRO DE 2026 - DOU - Imprensa Nacional https://in.gov.br/web/dou/-/portaria-sgd/mgi-n-1.228-de-12-de-fevereiro-de-2026-687463239 1/1"
fala_brasil,PORTARIASGD10972,1,gov.br,"RIA DE PESSOAL SGD/MGI Nº 10.972, DE 18 DE SETEMBRO DE 2024 - PORTARIA ... https://www.in.gov.br/web/dou/-/portaria-de-pessoal-sgd/mgi-n-10.972-de-18-de-setembro-de-2024... 1 of 1 4/27/2"
fala_brasil,PORTARIASGD4.987,1,gov.br,"RIA DE PESSOAL SGD/MGI Nº 4.987, DE 16 DE AGOSTO DE 2024 - PORTARIA DE ... https://www.in.gov.br/web/dou/-/portaria-de-pessoal-sgd/mgi-n-4.987-de-16-de-agosto-de-2024-57... 1 of 1 4/27/2"
fala_brasil,PORTARIASGD8296,1,gov.br,"A SGD/MGI Nº 8.296, DE 29 DE SETEMBRO DE 2025 - PORTARIA SGD/MGI Nº 8.2... https://www.in.gov.br/web/dou/-/portaria-sgd/mgi-n-8.296-de-29-de-setembro-de-2025-659540635 1 of 1 4/27/2026,"
fala_brasil,PORTARIASGD8297,1,gov.br,"A SGD/MGI Nº 8.297, DE 29 DE SETEMBRO DE 2025 - PORTARIA SGD/MGI Nº 8.2... https://www.in.gov.br/web/dou/-/portaria-sgd/mgi-n-8.297-de-29-de-setembro-de-2025-659671039 1 of 1 4/27/2026,"
fala_brasil,PORTARIASGD8298,1,gov.br,"A SGD/MGI Nº 8.298, DE 29 DE SETEMBRO DE 2025 - PORTARIA SGD/MGI Nº 8.2... https://www.in.gov.br/web/dou/-/portaria-sgd/mgi-n-8.298-de-29-de-setembro-de-2025-659691815 1 of 1 4/27/2026,"
fala_brasil,PORTARIASGD9367,1,gov.br,"ARIA DE PESSOAL SGD/MGI Nº 9.367, DE 11 DE DEZEMBRO DE 2024 - PORTARIA ... https://www.in.gov.br/web/dou/-/portaria-de-pessoal-sgd/mgi-n-9.367-de-11-de-dezembro-de-2024-... 1 of 1 4/27/2"
fala_brasil,PORTARIASGD_MGIN2.975DE7DEABRILDE2026PORTARIASGD_MGIN2.975DE7DEABRILDE__0dc94f,1,gov.br,"SGD/MGI Nº 2.975, DE 7 DE ABRIL DE 2026 - PORTARIA SGD/MGI Nº 2.975, DE... https://www.in.gov.br/web/dou/-/portaria-sgd/mgi-n-2.975-de-7-de-abril-de-2026-697973796 1 of 1 4/9/2026, 11:30"
fala_brasil,PORTARIASGD_MGIN3.193DE22DEABRILDE2026PORTARIASGD_MGIN3.193DE22DEABRIL__604812,1,gov.br,"SGD/MGI Nº 3.193, DE 22 DE ABRIL DE 2026 - PORTARIA SGD/MGI Nº 3.193, D... https://www.in.gov.br/web/dou/-/portaria-sgd/mgi-n-3.193-de-22-de-abril-de-2026-701206511 1 of 1 4/24/2026, 2:2"
fala_brasil,RelatorioVisitaTecnicaGraficasagosto,12,gov.br,credenciamento definitivo será disponibilizado e divulgado no site da CEFIC ( https://www.gov.br/secretariageral/pt- br/moderniza-brasil/identificacao-do- cidadao/cefic). CÂMARA-EXECUTI
fala_brasil,res1,1,gov.br,"UÇÃO Nº 1, DE 24 DE MARÇO DE 2022 - RESOLUÇÃO Nº 1, DE 24 DE MARÇO DE 2... https://www.in.gov.br/web/dou/-/resolucao-n-1-de-24-de-marco-de-2022-390312296 1 of 7 4/27/2026, 3:11 PM ====="
fala_brasil,res1,2,gov.br,"UÇÃO Nº 1, DE 24 DE MARÇO DE 2022 - RESOLUÇÃO Nº 1, DE 24 DE MARÇO DE 2... https://www.in.gov.br/web/dou/-/resolucao-n-1-de-24-de-marco-de-2022-390312296 2 of 7 4/27/2026, 3:11 PM ====="
fala_brasil,res1,3,gov.br,"UÇÃO Nº 1, DE 24 DE MARÇO DE 2022 - RESOLUÇÃO Nº 1, DE 24 DE MARÇO DE 2... https://www.in.gov.br/web/dou/-/resolucao-n-1-de-24-de-marco-de-2022-390312296 3 of 7 4/27/2026, 3:11 PM ====="
fala_brasil,res1,4,gov.br,"UÇÃO Nº 1, DE 24 DE MARÇO DE 2022 - RESOLUÇÃO Nº 1, DE 24 DE MARÇO DE 2... https://www.in.gov.br/web/dou/-/resolucao-n-1-de-24-de-marco-de-2022-390312296 4 of 7 4/27/2026, 3:11 PM ====="
fala_brasil,res1,5,gov.br,"UÇÃO Nº 1, DE 24 DE MARÇO DE 2022 - RESOLUÇÃO Nº 1, DE 24 DE MARÇO DE 2... https://www.in.gov.br/web/dou/-/resolucao-n-1-de-24-de-marco-de-2022-390312296 5 of 7 4/27/2026, 3:11 PM ====="
fala_brasil,res1,6,gov.br,"UÇÃO Nº 1, DE 24 DE MARÇO DE 2022 - RESOLUÇÃO Nº 1, DE 24 DE MARÇO DE 2... https://www.in.gov.br/web/dou/-/resolucao-n-1-de-24-de-marco-de-2022-390312296 6 of 7 4/27/2026, 3:11 PM ====="
fala_brasil,res1,7,gov.br,"UÇÃO Nº 1, DE 24 DE MARÇO DE 2022 - RESOLUÇÃO Nº 1, DE 24 DE MARÇO DE 2... https://www.in.gov.br/web/dou/-/resolucao-n-1-de-24-de-marco-de-2022-390312296 7 of 7 4/27/2026, 3:11 PM"
fala_brasil,res10,1,gov.br,"O Nº 10, DE 6 DE ABRIL DE 2023 - RESOLUÇÃO Nº 10, DE 6 DE ABRIL DE 2023... https://www.in.gov.br/web/dou/-/resolucao-n-10-de-6-de-abril-de-2023-476991886 1 of 7 4/27/2026, 3:15 PM ====="
fala_brasil,res10,2,gov.br,"O Nº 10, DE 6 DE ABRIL DE 2023 - RESOLUÇÃO Nº 10, DE 6 DE ABRIL DE 2023... https://www.in.gov.br/web/dou/-/resolucao-n-10-de-6-de-abril-de-2023-476991886 2 of 7 4/27/2026, 3:15 PM ====="
fala_brasil,res10,3,gov.br,"O Nº 10, DE 6 DE ABRIL DE 2023 - RESOLUÇÃO Nº 10, DE 6 DE ABRIL DE 2023... https://www.in.gov.br/web/dou/-/resolucao-n-10-de-6-de-abril-de-2023-476991886 3 of 7 4/27/2026, 3:15 PM ====="
fala_brasil,res10,4,gov.br,"O Nº 10, DE 6 DE ABRIL DE 2023 - RESOLUÇÃO Nº 10, DE 6 DE ABRIL DE 2023... https://www.in.gov.br/web/dou/-/resolucao-n-10-de-6-de-abril-de-2023-476991886 4 of 7 4/27/2026, 3:15 PM ====="
fala_brasil,res10,5,gov.br,"O Nº 10, DE 6 DE ABRIL DE 2023 - RESOLUÇÃO Nº 10, DE 6 DE ABRIL DE 2023... https://www.in.gov.br/web/dou/-/resolucao-n-10-de-6-de-abril-de-2023-476991886 5 of 7 4/27/2026, 3:15 PM ====="
fala_brasil,res10,6,gov.br,"O Nº 10, DE 6 DE ABRIL DE 2023 - RESOLUÇÃO Nº 10, DE 6 DE ABRIL DE 2023... https://www.in.gov.br/web/dou/-/resolucao-n-10-de-6-de-abril-de-2023-476991886 6 of 7 4/27/2026, 3:15 PM ====="
fala_brasil,res10,7,gov.br,"O Nº 10, DE 6 DE ABRIL DE 2023 - RESOLUÇÃO Nº 10, DE 6 DE ABRIL DE 2023... https://www.in.gov.br/web/dou/-/resolucao-n-10-de-6-de-abril-de-2023-476991886 7 of 7 4/27/2026, 3:15 PM"
fala_brasil,res11,1,gov.br,"O Nº 11, DE 6 DE ABRIL DE 2023 - RESOLUÇÃO Nº 11, DE 6 DE ABRIL DE 2023... https://www.in.gov.br/en/web/dou/-/resolucao-n-11-de-6-de-abril-de-2023-475790225 1 of 2 4/27/2026, 3:16 PM ==="
fala_brasil,res11,2,gov.br,"O Nº 11, DE 6 DE ABRIL DE 2023 - RESOLUÇÃO Nº 11, DE 6 DE ABRIL DE 2023... https://www.in.gov.br/en/web/dou/-/resolucao-n-11-de-6-de-abril-de-2023-475790225 2 of 2 4/27/2026, 3:16 PM"
fala_brasil,res12,1,gov.br,"ÃO Nº 12, DE 28 DE JULHO DE 2023 - RESOLUÇÃO Nº 12, DE 28 DE JULHO DE 2... https://www.in.gov.br/web/dou/-/resolucao-n-12-de-28-de-julho-de-2023-500227724 1 of 1 4/27/2026, 3:16 PM"
fala_brasil,res13,1,gov.br,"ÃO Nº 13, DE 28 DE JULHO DE 2023 - RESOLUÇÃO Nº 13, DE 28 DE JULHO DE 2... https://www.in.gov.br/en/web/dou/-/resolucao-n-13-de-28-de-julho-de-2023-500224848 1 of 1 4/27/2026, 3:17 PM"
fala_brasil,res14,1,gov.br,"UÇÃO Nº 14, DE 21 DE AGOSTO DE 2023 - RESOLUÇÃO Nº 14, DE 21 DE AGOSTO ... https://www.in.gov.br/web/dou/-/resolucao-n-14-de-21-de-agosto-de-2023-504814854 1 of 1 4/27/2026, 3:17 PM"
fala_brasil,res15,1,gov.br,"UÇÃO CEFIC Nº 15, DE 1º DE NOVEMBRO DE 2023 - RESOLUÇÃO CEFIC Nº 15, DE... https://www.in.gov.br/web/dou/-/resolucao-cefic-n-15-de-1-de-novembro-de-2023-521001065 1 of 1 4/27/2026, 3:18"
fala_brasil,res16,1,gov.br,"ÃO CEFIC Nº 16, DE 22 DE JANEIRO DE 2024 - RESOLUÇÃO CEFIC Nº 16, DE 22... https://www.in.gov.br/web/dou/-/resolucao-cefic-n-16-de-22-de-janeiro-de-2024-539842148 1 of 2 4/27/2026, 3:18"
fala_brasil,res16,2,gov.br,"ÃO CEFIC Nº 16, DE 22 DE JANEIRO DE 2024 - RESOLUÇÃO CEFIC Nº 16, DE 22... https://www.in.gov.br/web/dou/-/resolucao-cefic-n-16-de-22-de-janeiro-de-2024-539842148 2 of 2 4/27/2026, 3:18"
fala_brasil,res17,1,gov.br,"ÃO Nº 17, DE 4 DE JUNHO DE 2024 - RESOLUÇÃO Nº 17, DE 4 DE JUNHO DE 202... https://www.in.gov.br/web/dou/-/resolucao-n-17-de-4-de-junho-de-2024-564261399 1 of 1 4/27/2026, 3:18 PM"
fala_brasil,res18,1,gov.br,"ÃO Nº 18, DE 4 DE JUNHO DE 2024 - RESOLUÇÃO Nº 18, DE 4 DE JUNHO DE 202... https://www.in.gov.br/web/dou/-/resolucao-n-18-de-4-de-junho-de-2024-564260154 1 of 2 4/27/2026, 3:19 PM ====="
fala_brasil,res18,2,gov.br,"ÃO Nº 18, DE 4 DE JUNHO DE 2024 - RESOLUÇÃO Nº 18, DE 4 DE JUNHO DE 202... https://www.in.gov.br/web/dou/-/resolucao-n-18-de-4-de-junho-de-2024-564260154 2 of 2 4/27/2026, 3:19 PM"
fala_brasil,res19,1,gov.br,"ÃO Nº 19, DE 4 DE JUNHO DE 2024 - RESOLUÇÃO Nº 19, DE 4 DE JUNHO DE 202... https://www.in.gov.br/web/dou/-/resolucao-n-19-de-4-de-junho-de-2024-563758420 1 of 2 4/27/2026, 3:19 PM ====="
fala_brasil,res19,2,gov.br,"ÃO Nº 19, DE 4 DE JUNHO DE 2024 - RESOLUÇÃO Nº 19, DE 4 DE JUNHO DE 202... https://www.in.gov.br/web/dou/-/resolucao-n-19-de-4-de-junho-de-2024-563758420 2 of 2 4/27/2026, 3:19 PM"
fala_brasil,res2,1,gov.br,"ÃO Nº 2, DE 02 DE JUNHO DE 2022 - RESOLUÇÃO Nº 2, DE 02 DE JUNHO DE 202... https://www.in.gov.br/web/dou/-/resolucao-n-2-de-02-de-junho-de-2022-405207724 1 of 2 4/27/2026, 3:11 PM ====="
fala_brasil,res2,2,gov.br,"er realizado de forma digital, através do endereço de correio eletrônico ceﬁc@presidencia.gov.br, ou por meio físico em envelope lacrado para Secretaria Especial de Modernização do Estad"
fala_brasil,res2,2,gov.br,"ÃO Nº 2, DE 02 DE JUNHO DE 2022 - RESOLUÇÃO Nº 2, DE 02 DE JUNHO DE 202... https://www.in.gov.br/web/dou/-/resolucao-n-2-de-02-de-junho-de-2022-405207724 2 of 2 4/27/2026, 3:11 PM"
fala_brasil,res20,1,gov.br,"OLUÇÃO Nº 20, DE 9 DE SETEMBRO DE 2024 - RESOLUÇÃO Nº 20, DE 9 DE SETEM... https://www.in.gov.br/web/dou/-/resolucao-n-20-de-9-de-setembro-de-2024-585409330 1 of 11 4/27/2026, 3:20 PM =="
fala_brasil,res20,2,gov.br,"OLUÇÃO Nº 20, DE 9 DE SETEMBRO DE 2024 - RESOLUÇÃO Nº 20, DE 9 DE SETEM... https://www.in.gov.br/web/dou/-/resolucao-n-20-de-9-de-setembro-de-2024-585409330 2 of 11 4/27/2026, 3:20 PM =="
fala_brasil,res20,3,gov.br,"OLUÇÃO Nº 20, DE 9 DE SETEMBRO DE 2024 - RESOLUÇÃO Nº 20, DE 9 DE SETEM... https://www.in.gov.br/web/dou/-/resolucao-n-20-de-9-de-setembro-de-2024-585409330 3 of 11 4/27/2026, 3:20 PM =="
fala_brasil,res20,4,gov.br,"OLUÇÃO Nº 20, DE 9 DE SETEMBRO DE 2024 - RESOLUÇÃO Nº 20, DE 9 DE SETEM... https://www.in.gov.br/web/dou/-/resolucao-n-20-de-9-de-setembro-de-2024-585409330 4 of 11 4/27/2026, 3:20 PM =="
fala_brasil,res20,5,gov.br,"OLUÇÃO Nº 20, DE 9 DE SETEMBRO DE 2024 - RESOLUÇÃO Nº 20, DE 9 DE SETEM... https://www.in.gov.br/web/dou/-/resolucao-n-20-de-9-de-setembro-de-2024-585409330 5 of 11 4/27/2026, 3:20 PM =="
fala_brasil,res20,6,gov.br,"OLUÇÃO Nº 20, DE 9 DE SETEMBRO DE 2024 - RESOLUÇÃO Nº 20, DE 9 DE SETEM... https://www.in.gov.br/web/dou/-/resolucao-n-20-de-9-de-setembro-de-2024-585409330 6 of 11 4/27/2026, 3:20 PM =="
fala_brasil,res20,7,gov.br,"OLUÇÃO Nº 20, DE 9 DE SETEMBRO DE 2024 - RESOLUÇÃO Nº 20, DE 9 DE SETEM... https://www.in.gov.br/web/dou/-/resolucao-n-20-de-9-de-setembro-de-2024-585409330 7 of 11 4/27/2026, 3:20 PM =="
fala_brasil,res20,8,gov.br,"OLUÇÃO Nº 20, DE 9 DE SETEMBRO DE 2024 - RESOLUÇÃO Nº 20, DE 9 DE SETEM... https://www.in.gov.br/web/dou/-/resolucao-n-20-de-9-de-setembro-de-2024-585409330 8 of 11 4/27/2026, 3:20 PM =="
fala_brasil,res20,9,gov.br,"OLUÇÃO Nº 20, DE 9 DE SETEMBRO DE 2024 - RESOLUÇÃO Nº 20, DE 9 DE SETEM... https://www.in.gov.br/web/dou/-/resolucao-n-20-de-9-de-setembro-de-2024-585409330 9 of 11 4/27/2026, 3:20 PM =="
fala_brasil,res20,10,gov.br,"OLUÇÃO Nº 20, DE 9 DE SETEMBRO DE 2024 - RESOLUÇÃO Nº 20, DE 9 DE SETEM... https://www.in.gov.br/web/dou/-/resolucao-n-20-de-9-de-setembro-de-2024-585409330 10 of 11 4/27/2026, 3:20 PM ="
fala_brasil,res20,11,gov.br,"OLUÇÃO Nº 20, DE 9 DE SETEMBRO DE 2024 - RESOLUÇÃO Nº 20, DE 9 DE SETEM... https://www.in.gov.br/web/dou/-/resolucao-n-20-de-9-de-setembro-de-2024-585409330 11 of 11 4/27/2026, 3:20 PM"
fala_brasil,res21,1,gov.br,"de 6 de fevereiro de 2025 - RESOLUÇÃO Nº 21, de 6 de fevereiro de 2025 ... https://www.in.gov.br/web/dou/-/resolucao-n-21-de-6-de-fevereiro-de-2025-612368113 1 of 5 4/27/2026, 3:21 PM =="
fala_brasil,res21,2,gov.br,"de 6 de fevereiro de 2025 - RESOLUÇÃO Nº 21, de 6 de fevereiro de 2025 ... https://www.in.gov.br/web/dou/-/resolucao-n-21-de-6-de-fevereiro-de-2025-612368113 2 of 5 4/27/2026, 3:21 PM =="
fala_brasil,res21,3,gov.br,"de 6 de fevereiro de 2025 - RESOLUÇÃO Nº 21, de 6 de fevereiro de 2025 ... https://www.in.gov.br/web/dou/-/resolucao-n-21-de-6-de-fevereiro-de-2025-612368113 3 of 5 4/27/2026, 3:21 PM =="
fala_brasil,res21,4,gov.br,"de 6 de fevereiro de 2025 - RESOLUÇÃO Nº 21, de 6 de fevereiro de 2025 ... https://www.in.gov.br/web/dou/-/resolucao-n-21-de-6-de-fevereiro-de-2025-612368113 4 of 5 4/27/2026, 3:21 PM =="
fala_brasil,res21,5,gov.br,"de 6 de fevereiro de 2025 - RESOLUÇÃO Nº 21, de 6 de fevereiro de 2025 ... https://www.in.gov.br/web/dou/-/resolucao-n-21-de-6-de-fevereiro-de-2025-612368113 5 of 5 4/27/2026, 3:21 PM"
fala_brasil,res22,1,gov.br,"O Nº 22, DE 5 DE MAIO de 2025 - RESOLUÇÃO Nº 22, DE 5 DE MAIO de 2025 -... https://www.in.gov.br/web/dou/-/resolucao-n-22-de-5-de-maio-de-2025-627966570 1 of 1 4/27/2026, 3:22 PM"
fala_brasil,res23,1,Gov.br,"io CIN física - papele cartão CIN digital - Carteira de documentos digitais do aplicativo Gov.br Bases Legais RESOLUÇÃO Nº 23, de 5 de MAIO de 2025 - RESOLUÇÃO Nº 23, de 5 de MAIO de 202"
fala_brasil,res23,1,gov.br,"23, de 5 de MAIO de 2025 - RESOLUÇÃO Nº 23, de 5 de MAIO de 2025 - DOU... https://www.in.gov.br/web/dou/-/resolucao-n-23-de-5-de-maio-de-2025-628523981 1 of 23 4/27/2026, 3:23 PM ====="
fala_brasil,res23,2,gov.br,"23, de 5 de MAIO de 2025 - RESOLUÇÃO Nº 23, de 5 de MAIO de 2025 - DOU... https://www.in.gov.br/web/dou/-/resolucao-n-23-de-5-de-maio-de-2025-628523981 2 of 23 4/27/2026, 3:23 PM ====="
fala_brasil,res23,3,gov.br,"23, de 5 de MAIO de 2025 - RESOLUÇÃO Nº 23, de 5 de MAIO de 2025 - DOU... https://www.in.gov.br/web/dou/-/resolucao-n-23-de-5-de-maio-de-2025-628523981 3 of 23 4/27/2026, 3:23 PM ====="
fala_brasil,res23,4,gov.br,"23, de 5 de MAIO de 2025 - RESOLUÇÃO Nº 23, de 5 de MAIO de 2025 - DOU... https://www.in.gov.br/web/dou/-/resolucao-n-23-de-5-de-maio-de-2025-628523981 4 of 23 4/27/2026, 3:23 PM ====="
fala_brasil,res23,5,gov.br,"23, de 5 de MAIO de 2025 - RESOLUÇÃO Nº 23, de 5 de MAIO de 2025 - DOU... https://www.in.gov.br/web/dou/-/resolucao-n-23-de-5-de-maio-de-2025-628523981 5 of 23 4/27/2026, 3:23 PM ====="
fala_brasil,res23,6,Gov.br,"r de 16 anos, para gestão da CIN digital na Carteira de documentos digitais do aplicativo Gov.br. Texto variável, máximo 14 caracteres; Fonte: Tahoma Bold 7.5pt; Cor Preta. Texto variáve"
fala_brasil,res23,6,gov.br,"23, de 5 de MAIO de 2025 - RESOLUÇÃO Nº 23, de 5 de MAIO de 2025 - DOU... https://www.in.gov.br/web/dou/-/resolucao-n-23-de-5-de-maio-de-2025-628523981 6 of 23 4/27/2026, 3:23 PM ====="
fala_brasil,res23,7,gov.br,"23, de 5 de MAIO de 2025 - RESOLUÇÃO Nº 23, de 5 de MAIO de 2025 - DOU... https://www.in.gov.br/web/dou/-/resolucao-n-23-de-5-de-maio-de-2025-628523981 7 of 23 4/27/2026, 3:23 PM ====="
fala_brasil,res23,8,gov.br,"23, de 5 de MAIO de 2025 - RESOLUÇÃO Nº 23, de 5 de MAIO de 2025 - DOU... https://www.in.gov.br/web/dou/-/resolucao-n-23-de-5-de-maio-de-2025-628523981 8 of 23 4/27/2026, 3:23 PM ====="
fala_brasil,res23,9,gov.br,"23, de 5 de MAIO de 2025 - RESOLUÇÃO Nº 23, de 5 de MAIO de 2025 - DOU... https://www.in.gov.br/web/dou/-/resolucao-n-23-de-5-de-maio-de-2025-628523981 9 of 23 4/27/2026, 3:23 PM ====="
fala_brasil,res23,10,gov.br,"23, de 5 de MAIO de 2025 - RESOLUÇÃO Nº 23, de 5 de MAIO de 2025 - DOU... https://www.in.gov.br/web/dou/-/resolucao-n-23-de-5-de-maio-de-2025-628523981 10 of 23 4/27/2026, 3:23 PM ====="
fala_brasil,res23,11,gov.br,"23, de 5 de MAIO de 2025 - RESOLUÇÃO Nº 23, de 5 de MAIO de 2025 - DOU... https://www.in.gov.br/web/dou/-/resolucao-n-23-de-5-de-maio-de-2025-628523981 11 of 23 4/27/2026, 3:23 PM ====="
fala_brasil,res23,12,gov.br,"23, de 5 de MAIO de 2025 - RESOLUÇÃO Nº 23, de 5 de MAIO de 2025 - DOU... https://www.in.gov.br/web/dou/-/resolucao-n-23-de-5-de-maio-de-2025-628523981 12 of 23 4/27/2026, 3:23 PM ====="
fala_brasil,res23,13,gov.br,"23, de 5 de MAIO de 2025 - RESOLUÇÃO Nº 23, de 5 de MAIO de 2025 - DOU... https://www.in.gov.br/web/dou/-/resolucao-n-23-de-5-de-maio-de-2025-628523981 13 of 23 4/27/2026, 3:23 PM ====="
fala_brasil,res23,14,gov.br,"23, de 5 de MAIO de 2025 - RESOLUÇÃO Nº 23, de 5 de MAIO de 2025 - DOU... https://www.in.gov.br/web/dou/-/resolucao-n-23-de-5-de-maio-de-2025-628523981 14 of 23 4/27/2026, 3:23 PM ====="
fala_brasil,res23,15,gov.br,"23, de 5 de MAIO de 2025 - RESOLUÇÃO Nº 23, de 5 de MAIO de 2025 - DOU... https://www.in.gov.br/web/dou/-/resolucao-n-23-de-5-de-maio-de-2025-628523981 15 of 23 4/27/2026, 3:23 PM ====="
fala_brasil,res23,16,gov.br,"23, de 5 de MAIO de 2025 - RESOLUÇÃO Nº 23, de 5 de MAIO de 2025 - DOU... https://www.in.gov.br/web/dou/-/resolucao-n-23-de-5-de-maio-de-2025-628523981 16 of 23 4/27/2026, 3:23 PM ====="
fala_brasil,res23,17,gov.br,"23, de 5 de MAIO de 2025 - RESOLUÇÃO Nº 23, de 5 de MAIO de 2025 - DOU... https://www.in.gov.br/web/dou/-/resolucao-n-23-de-5-de-maio-de-2025-628523981 17 of 23 4/27/2026, 3:23 PM ====="
fala_brasil,res23,18,gov.br,"23, de 5 de MAIO de 2025 - RESOLUÇÃO Nº 23, de 5 de MAIO de 2025 - DOU... https://www.in.gov.br/web/dou/-/resolucao-n-23-de-5-de-maio-de-2025-628523981 18 of 23 4/27/2026, 3:23 PM ====="
fala_brasil,res23,19,gov.br,"23, de 5 de MAIO de 2025 - RESOLUÇÃO Nº 23, de 5 de MAIO de 2025 - DOU... https://www.in.gov.br/web/dou/-/resolucao-n-23-de-5-de-maio-de-2025-628523981 19 of 23 4/27/2026, 3:23 PM ====="
fala_brasil,res23,20,gov.br,"23, de 5 de MAIO de 2025 - RESOLUÇÃO Nº 23, de 5 de MAIO de 2025 - DOU... https://www.in.gov.br/web/dou/-/resolucao-n-23-de-5-de-maio-de-2025-628523981 20 of 23 4/27/2026, 3:23 PM ====="
fala_brasil,res23,21,gov.br,"23, de 5 de MAIO de 2025 - RESOLUÇÃO Nº 23, de 5 de MAIO de 2025 - DOU... https://www.in.gov.br/web/dou/-/resolucao-n-23-de-5-de-maio-de-2025-628523981 21 of 23 4/27/2026, 3:23 PM ====="
fala_brasil,res23,22,gov.br,"23, de 5 de MAIO de 2025 - RESOLUÇÃO Nº 23, de 5 de MAIO de 2025 - DOU... https://www.in.gov.br/web/dou/-/resolucao-n-23-de-5-de-maio-de-2025-628523981 22 of 23 4/27/2026, 3:23 PM ====="
fala_brasil,res23,23,gov.br,"23, de 5 de MAIO de 2025 - RESOLUÇÃO Nº 23, de 5 de MAIO de 2025 - DOU... https://www.in.gov.br/web/dou/-/resolucao-n-23-de-5-de-maio-de-2025-628523981 23 of 23 4/27/2026, 3:23 PM"
fala_brasil,res24,1,Gov.br,"Conceito/ Observações/ Regras de negócio CIN física - papele cartão CIN digital - Wallet Gov.brBases Legais RESOLUÇÃO Nº 24, de 8 DE SETEMBRO DE 2025 - RESOLUÇÃO Nº 24, de 8 DE SETEMBR."
fala_brasil,res24,1,gov.br,"UÇÃO Nº 24, de 8 DE SETEMBRO DE 2025 - RESOLUÇÃO Nº 24, de 8 DE SETEMBR... https://www.in.gov.br/web/dou/-/resolucao-n-24-de-8-de-setembro-de-2025-655731771 1 of 22 4/27/2026, 3:24 PM =="
fala_brasil,res24,2,gov.br,"UÇÃO Nº 24, de 8 DE SETEMBRO DE 2025 - RESOLUÇÃO Nº 24, de 8 DE SETEMBR... https://www.in.gov.br/web/dou/-/resolucao-n-24-de-8-de-setembro-de-2025-655731771 2 of 22 4/27/2026, 3:24 PM =="
fala_brasil,res24,3,gov.br,"UÇÃO Nº 24, de 8 DE SETEMBRO DE 2025 - RESOLUÇÃO Nº 24, de 8 DE SETEMBR... https://www.in.gov.br/web/dou/-/resolucao-n-24-de-8-de-setembro-de-2025-655731771 3 of 22 4/27/2026, 3:24 PM =="
fala_brasil,res24,4,gov.br,"UÇÃO Nº 24, de 8 DE SETEMBRO DE 2025 - RESOLUÇÃO Nº 24, de 8 DE SETEMBR... https://www.in.gov.br/web/dou/-/resolucao-n-24-de-8-de-setembro-de-2025-655731771 4 of 22 4/27/2026, 3:24 PM =="
fala_brasil,res24,5,Gov.br,"r de 16 anos, para gestão da CIN digital na Carteira de documentos digitais do aplicativo Gov.br. Sem representação. Sem representação. 2 [1..1] Sexo / Sex Texto codiﬁcado ICAO Indica o"
fala_brasil,res24,5,gov.br,"UÇÃO Nº 24, de 8 DE SETEMBRO DE 2025 - RESOLUÇÃO Nº 24, de 8 DE SETEMBR... https://www.in.gov.br/web/dou/-/resolucao-n-24-de-8-de-setembro-de-2025-655731771 5 of 22 4/27/2026, 3:24 PM =="
fala_brasil,res24,6,gov.br,"UÇÃO Nº 24, de 8 DE SETEMBRO DE 2025 - RESOLUÇÃO Nº 24, de 8 DE SETEMBR... https://www.in.gov.br/web/dou/-/resolucao-n-24-de-8-de-setembro-de-2025-655731771 6 of 22 4/27/2026, 3:24 PM =="
fala_brasil,res24,7,gov.br,"UÇÃO Nº 24, de 8 DE SETEMBRO DE 2025 - RESOLUÇÃO Nº 24, de 8 DE SETEMBR... https://www.in.gov.br/web/dou/-/resolucao-n-24-de-8-de-setembro-de-2025-655731771 7 of 22 4/27/2026, 3:24 PM =="
fala_brasil,res24,8,gov.br,"UÇÃO Nº 24, de 8 DE SETEMBRO DE 2025 - RESOLUÇÃO Nº 24, de 8 DE SETEMBR... https://www.in.gov.br/web/dou/-/resolucao-n-24-de-8-de-setembro-de-2025-655731771 8 of 22 4/27/2026, 3:24 PM =="
fala_brasil,res24,9,gov.br,"UÇÃO Nº 24, de 8 DE SETEMBRO DE 2025 - RESOLUÇÃO Nº 24, de 8 DE SETEMBR... https://www.in.gov.br/web/dou/-/resolucao-n-24-de-8-de-setembro-de-2025-655731771 9 of 22 4/27/2026, 3:24 PM =="
fala_brasil,res24,10,gov.br,"UÇÃO Nº 24, de 8 DE SETEMBRO DE 2025 - RESOLUÇÃO Nº 24, de 8 DE SETEMBR... https://www.in.gov.br/web/dou/-/resolucao-n-24-de-8-de-setembro-de-2025-655731771 10 of 22 4/27/2026, 3:24 PM ="
fala_brasil,res24,11,gov.br,"UÇÃO Nº 24, de 8 DE SETEMBRO DE 2025 - RESOLUÇÃO Nº 24, de 8 DE SETEMBR... https://www.in.gov.br/web/dou/-/resolucao-n-24-de-8-de-setembro-de-2025-655731771 11 of 22 4/27/2026, 3:24 PM ="
fala_brasil,res24,12,gov.br,"UÇÃO Nº 24, de 8 DE SETEMBRO DE 2025 - RESOLUÇÃO Nº 24, de 8 DE SETEMBR... https://www.in.gov.br/web/dou/-/resolucao-n-24-de-8-de-setembro-de-2025-655731771 12 of 22 4/27/2026, 3:24 PM ="
fala_brasil,res24,13,gov.br,"UÇÃO Nº 24, de 8 DE SETEMBRO DE 2025 - RESOLUÇÃO Nº 24, de 8 DE SETEMBR... https://www.in.gov.br/web/dou/-/resolucao-n-24-de-8-de-setembro-de-2025-655731771 13 of 22 4/27/2026, 3:24 PM ="
fala_brasil,res24,14,gov.br,"UÇÃO Nº 24, de 8 DE SETEMBRO DE 2025 - RESOLUÇÃO Nº 24, de 8 DE SETEMBR... https://www.in.gov.br/web/dou/-/resolucao-n-24-de-8-de-setembro-de-2025-655731771 14 of 22 4/27/2026, 3:24 PM ="
fala_brasil,res24,15,gov.br,"UÇÃO Nº 24, de 8 DE SETEMBRO DE 2025 - RESOLUÇÃO Nº 24, de 8 DE SETEMBR... https://www.in.gov.br/web/dou/-/resolucao-n-24-de-8-de-setembro-de-2025-655731771 15 of 22 4/27/2026, 3:24 PM ="
fala_brasil,res24,16,gov.br,"UÇÃO Nº 24, de 8 DE SETEMBRO DE 2025 - RESOLUÇÃO Nº 24, de 8 DE SETEMBR... https://www.in.gov.br/web/dou/-/resolucao-n-24-de-8-de-setembro-de-2025-655731771 16 of 22 4/27/2026, 3:24 PM ="
fala_brasil,res24,17,gov.br,"UÇÃO Nº 24, de 8 DE SETEMBRO DE 2025 - RESOLUÇÃO Nº 24, de 8 DE SETEMBR... https://www.in.gov.br/web/dou/-/resolucao-n-24-de-8-de-setembro-de-2025-655731771 17 of 22 4/27/2026, 3:24 PM ="
fala_brasil,res24,18,gov.br,"UÇÃO Nº 24, de 8 DE SETEMBRO DE 2025 - RESOLUÇÃO Nº 24, de 8 DE SETEMBR... https://www.in.gov.br/web/dou/-/resolucao-n-24-de-8-de-setembro-de-2025-655731771 18 of 22 4/27/2026, 3:24 PM ="
fala_brasil,res24,19,gov.br,"UÇÃO Nº 24, de 8 DE SETEMBRO DE 2025 - RESOLUÇÃO Nº 24, de 8 DE SETEMBR... https://www.in.gov.br/web/dou/-/resolucao-n-24-de-8-de-setembro-de-2025-655731771 19 of 22 4/27/2026, 3:24 PM ="
fala_brasil,res24,20,gov.br,"UÇÃO Nº 24, de 8 DE SETEMBRO DE 2025 - RESOLUÇÃO Nº 24, de 8 DE SETEMBR... https://www.in.gov.br/web/dou/-/resolucao-n-24-de-8-de-setembro-de-2025-655731771 20 of 22 4/27/2026, 3:24 PM ="
fala_brasil,res24,21,gov.br,"UÇÃO Nº 24, de 8 DE SETEMBRO DE 2025 - RESOLUÇÃO Nº 24, de 8 DE SETEMBR... https://www.in.gov.br/web/dou/-/resolucao-n-24-de-8-de-setembro-de-2025-655731771 21 of 22 4/27/2026, 3:24 PM ="
fala_brasil,res24,22,gov.br,"UÇÃO Nº 24, de 8 DE SETEMBRO DE 2025 - RESOLUÇÃO Nº 24, de 8 DE SETEMBR... https://www.in.gov.br/web/dou/-/resolucao-n-24-de-8-de-setembro-de-2025-655731771 22 of 22 4/27/2026, 3:24 PM"
fala_brasil,res25,1,gov.br,"UÇÃO Nº 25, de 8 DE SETEMBRO DE 2025 - RESOLUÇÃO Nº 25, de 8 DE SETEMBR... https://www.in.gov.br/en/web/dou/-/resolucao-n-25-de-8-de-setembro-de-2025-655735204 1 of 2 4/27/2026, 3:25 PM"
fala_brasil,res25,2,gov.br,"UÇÃO Nº 25, de 8 DE SETEMBRO DE 2025 - RESOLUÇÃO Nº 25, de 8 DE SETEMBR... https://www.in.gov.br/en/web/dou/-/resolucao-n-25-de-8-de-setembro-de-2025-655735204 2 of 2 4/27/2026, 3:25 PM"
fala_brasil,res26,1,gov.br,"UÇÃO Nº 26, de 8 DE SETEMBRO DE 2025 - RESOLUÇÃO Nº 26, de 8 DE SETEMBR... https://www.in.gov.br/web/dou/-/resolucao-n-26-de-8-de-setembro-de-2025-655714274 1 of 2 4/27/2026, 3:26 PM ==="
fala_brasil,res26,2,gov.br,"UÇÃO Nº 26, de 8 DE SETEMBRO DE 2025 - RESOLUÇÃO Nº 26, de 8 DE SETEMBR... https://www.in.gov.br/web/dou/-/resolucao-n-26-de-8-de-setembro-de-2025-655714274 2 of 2 4/27/2026, 3:26 PM"
fala_brasil,res27,1,gov.br,"UÇÃO Nº 27, de 8 DE SETEMBRO DE 2025 - RESOLUÇÃO Nº 27, de 8 DE SETEMBR... https://www.in.gov.br/en/web/dou/-/resolucao-n-27-de-8-de-setembro-de-2025-655727197 1 of 2 4/27/2026, 3:27 PM"
fala_brasil,res27,2,gov.br,"UÇÃO Nº 27, de 8 DE SETEMBRO DE 2025 - RESOLUÇÃO Nº 27, de 8 DE SETEMBR... https://www.in.gov.br/en/web/dou/-/resolucao-n-27-de-8-de-setembro-de-2025-655727197 2 of 2 4/27/2026, 3:27 PM"
fala_brasil,res28,1,gov.br,"UÇÃO Nº 28, de 8 DE SETEMBRO DE 2025 - RESOLUÇÃO Nº 28, de 8 DE SETEMBR... https://www.in.gov.br/web/dou/-/resolucao-n-28-de-8-de-setembro-de-2025-655722706 1 of 1 4/27/2026, 3:28 PM"
fala_brasil,res29,1,gov.br,"ÇÃO Nº 29, de 2 DE FEVEREIRO DE 2026 - RESOLUÇÃO Nº 29, de 2 DE FEVEREI... https://www.in.gov.br/web/dou/-/resolucao-n-29-de-2-de-fevereiro-de-2026-686260174 1 of 1 4/27/2026, 3:28 PM"
fala_brasil,res30,1,gov.br,"ÇÃO Nº 30, de 2 DE FEVEREIRO DE 2026 - RESOLUÇÃO Nº 30, de 2 DE FEVEREI... https://www.in.gov.br/web/dou/-/resolucao-n-30-de-2-de-fevereiro-de-2026-686264587 1 of 2 4/27/2026, 3:29 PM =="
fala_brasil,res30,2,gov.br,"ÇÃO Nº 30, de 2 DE FEVEREIRO DE 2026 - RESOLUÇÃO Nº 30, de 2 DE FEVEREI... https://www.in.gov.br/web/dou/-/resolucao-n-30-de-2-de-fevereiro-de-2026-686264587 2 of 2 4/27/2026, 3:29 PM"
fala_brasil,res31,1,gov.br,"LUÇÃO Nº 31, DE 16 DE MARÇO DE 2026 - RESOLUÇÃO Nº 31, DE 16 DE MARÇO D... https://www.in.gov.br/web/dou/-/resolucao-n-31-de-16-de-marco-de-2026-693786052 1 of 2 4/27/2026, 3:29 PM ====="
fala_brasil,res31,2,gov.br,"LUÇÃO Nº 31, DE 16 DE MARÇO DE 2026 - RESOLUÇÃO Nº 31, DE 16 DE MARÇO D... https://www.in.gov.br/web/dou/-/resolucao-n-31-de-16-de-marco-de-2026-693786052 2 of 2 4/27/2026, 3:29 PM"
fala_brasil,res4,1,GOV.BR,"o do Cidadão Art. 1º O Serviço de Identiﬁcação do Cidadão - SIC - operado pela plataforma GOV.BR e o parque tecnológico que a suporta, passa a ser obrigatório e deve ser disponibilizado"
fala_brasil,res4,1,gov.br,os realizados no contexto do SIC estarão disponíveis no endereço eletrônico https:/ / www.gov.br/secretariageral/pt-br/moderniza-brasil/identiﬁcacao-do-cidadao. Art. 6º Para acesso aos s
fala_brasil,res4,1,gov.br,"ÇÃO Nº 4, DE 7 DE JUNHO DE 2022 - RESOLUÇÃO Nº 4, DE 7 DE JUNHO DE 2022... https://www.in.gov.br/web/dou/-/resolucao-n-4-de-7-de-junho-de-2022-408472709 1 of 5 4/27/2026, 3:13 PM ===== ["
fala_brasil,res4,2,gov.br,"ERMO DE ADESÃO AO PROGRAMA CONECTA GOV Assunto: Solicitação de adesão ao programa Conecta gov.br para interoperabilidade dos dados: conferência biométrica e biográﬁca dos cidadãos, de ac"
fala_brasil,res4,2,gov.br,"977, de 23 de fevereiro de 2022, em seu artigo 8º. 3. Solicito adesão ao programa Conecta gov.br para interoperabilidade, conforme detalhamento a seguir: I - Identiﬁcação a. Responsável"
fala_brasil,res4,2,gov.br,"ÇÃO Nº 4, DE 7 DE JUNHO DE 2022 - RESOLUÇÃO Nº 4, DE 7 DE JUNHO DE 2022... https://www.in.gov.br/web/dou/-/resolucao-n-4-de-7-de-junho-de-2022-408472709 2 of 5 4/27/2026, 3:13 PM ===== ["
fala_brasil,res4,3,GOV.BR,ncia Biométrica Digital -Conferência biográﬁca -Conferência Biométrica Facial -API WALLET GOV.BR Jan a Dez: Hipótese de tratamento de dados pessoais adotada (conforme art. 7º ou 11 da LG
fala_brasil,res4,3,gov.br,alidação com as informações contidas no Serviço de Identiﬁcação do Cidadão via plataforma gov.br. Políticas Públicas Impactadas Serviço de Identiﬁcação do Cidadão como o Sistema Nacional
fala_brasil,res4,3,gov.br,rdam com as seguintes condições de utilização dos serviços providos pelo programa Conecta gov.br: a. O órgão somente terá acesso aos serviços após comprovação de que possui autorização d
fala_brasil,res4,3,gov.br,"ÇÃO Nº 4, DE 7 DE JUNHO DE 2022 - RESOLUÇÃO Nº 4, DE 7 DE JUNHO DE 2022... https://www.in.gov.br/web/dou/-/resolucao-n-4-de-7-de-junho-de-2022-408472709 3 of 5 4/27/2026, 3:13 PM ===== ["
fala_brasil,res4,4,gov.br,"ado, os sistemas e os serviços públicos que serão integrados por meio do Programa Conecta gov.br. l. É de responsabilidade do órgão prover os mecanismos e coletar os termos"
fala_brasil,res4,4,gov.br,e técnico do órgão será habilitado na Plataforma de Interoperabilidade do Conecta gov.br e deverá gerar as chaves de acesso às API com assinatura do termo de sigilo com certiﬁcad
fala_brasil,res4,4,gov.br,"esponsável, comunicando a SGD para nova habilitação na plataforma. n. A adesão ao Conecta gov.br não implica em transferência de recursos ﬁnanceiros do órgão para SGD nem da SGD para o ó"
fala_brasil,res4,4,gov.br,"ÇÃO Nº 4, DE 7 DE JUNHO DE 2022 - RESOLUÇÃO Nº 4, DE 7 DE JUNHO DE 2022... https://www.in.gov.br/web/dou/-/resolucao-n-4-de-7-de-junho-de-2022-408472709 4 of 5 4/27/2026, 3:13 PM ===== ["
fala_brasil,res4,5,gov.br,"ÇÃO Nº 4, DE 7 DE JUNHO DE 2022 - RESOLUÇÃO Nº 4, DE 7 DE JUNHO DE 2022... https://www.in.gov.br/web/dou/-/resolucao-n-4-de-7-de-junho-de-2022-408472709 5 of 5 4/27/2026, 3:13 PM"
fala_brasil,res5,1,gov.br,"UÇÃO Nº 5, DE 11 DE AGOSTO DE 2022 - RESOLUÇÃO Nº 5, DE 11 DE AGOSTO DE... https://www.in.gov.br/web/dou/-/resolucao-n-5-de-11-de-agosto-de-2022-422262551 1 of 1 4/27/2026, 3:12 PM"
fala_brasil,res6,1,gov.br,"LUÇÃO Nº 6, DE 13 DE OUTUBRO DE 2022 - RESOLUÇÃO Nº 6, DE 13 DE OUTUBRO... https://www.in.gov.br/web/dou/-/resolucao-n-6-de-13-de-outubro-de-2022-435824903 1 of 2 4/27/2026, 3:13 PM ===="
fala_brasil,res6,2,gov.br,"LUÇÃO Nº 6, DE 13 DE OUTUBRO DE 2022 - RESOLUÇÃO Nº 6, DE 13 DE OUTUBRO... https://www.in.gov.br/web/dou/-/resolucao-n-6-de-13-de-outubro-de-2022-435824903 2 of 2 4/27/2026, 3:13 PM"
fala_brasil,res7,1,gov.br,"LUÇÃO Nº 7, DE 13 DE OUTUBRO DE 2022 - RESOLUÇÃO Nº 7, DE 13 DE OUTUBRO... https://www.in.gov.br/web/dou/-/resolucao-n-7-de-13-de-outubro-de-2022-435824241 1 of 2 4/27/2026, 3:14 PM ===="
fala_brasil,res7,2,gov.br,"LUÇÃO Nº 7, DE 13 DE OUTUBRO DE 2022 - RESOLUÇÃO Nº 7, DE 13 DE OUTUBRO... https://www.in.gov.br/web/dou/-/resolucao-n-7-de-13-de-outubro-de-2022-435824241 2 of 2 4/27/2026, 3:14 PM"
fala_brasil,res8,1,gov.br,"LUÇÃO Nº 8, DE 13 DE OUTUBRO DE 2022 - RESOLUÇÃO Nº 8, DE 13 DE OUTUBRO... https://www.in.gov.br/web/dou/-/resolucao-n-8-de-13-de-outubro-de-2022-435823313 1 of 2 4/27/2026, 3:14 PM ===="
fala_brasil,res8,2,gov.br,"LUÇÃO Nº 8, DE 13 DE OUTUBRO DE 2022 - RESOLUÇÃO Nº 8, DE 13 DE OUTUBRO... https://www.in.gov.br/web/dou/-/resolucao-n-8-de-13-de-outubro-de-2022-435823313 2 of 2 4/27/2026, 3:14 PM"
fala_brasil,res9,1,gov.br,"SOLUÇÃO Nº 9, DE 7 DE NOVEMBRO DE 2022 - RESOLUÇÃO Nº 9, DE 7 DE NOVEMB... https://www.in.gov.br/web/dou/-/resolucao-n-9-de-7-de-novembro-de-2022-443760991 1 of 2 4/27/2026, 3:14 PM ===="
fala_brasil,res9,2,gov.br,"SOLUÇÃO Nº 9, DE 7 DE NOVEMBRO DE 2022 - RESOLUÇÃO Nº 9, DE 7 DE NOVEMB... https://www.in.gov.br/web/dou/-/resolucao-n-9-de-7-de-novembro-de-2022-443760991 2 of 2 4/27/2026, 3:14 PM"
fala_brasil,resolucao-no-32_03_06_2026,1,Gov.br,nto ao Ministério da Justiça e Segurança Pública; III - exclusão da CIN digital da Wallet Gov.br junto à Secretaria de Governo Digital; IV - atualização do cadastro do cidadão no Serviço
fala_brasil,resolucao-no-32_03_06_2026,1,gov.br,"ÃO Nº 32, DE 3 DE JUNHO DE 2026 - RESOLUÇÃO Nº 32, DE 3 DE JUNHO DE 202... https://www.in.gov.br/web/dou/-/resolucao-n-32-de-3-de-junho-de-2026-712074099 1 of 4 6/17/2026, 10:53 AM ====="
fala_brasil,resolucao-no-32_03_06_2026,2,gov.br,"ÃO Nº 32, DE 3 DE JUNHO DE 2026 - RESOLUÇÃO Nº 32, DE 3 DE JUNHO DE 202... https://www.in.gov.br/web/dou/-/resolucao-n-32-de-3-de-junho-de-2026-712074099 2 of 4 6/17/2026, 10:53 AM ====="
fala_brasil,resolucao-no-32_03_06_2026,3,gov.br,"ÃO Nº 32, DE 3 DE JUNHO DE 2026 - RESOLUÇÃO Nº 32, DE 3 DE JUNHO DE 202... https://www.in.gov.br/web/dou/-/resolucao-n-32-de-3-de-junho-de-2026-712074099 3 of 4 6/17/2026, 10:53 AM ====="
fala_brasil,resolucao-no-32_03_06_2026,4,gov.br,"ÃO Nº 32, DE 3 DE JUNHO DE 2026 - RESOLUÇÃO Nº 32, DE 3 DE JUNHO DE 202... https://www.in.gov.br/web/dou/-/resolucao-n-32-de-3-de-junho-de-2026-712074099 4 of 4 6/17/2026, 10:53 AM"
fala_brasil,resolucao-no-33_03_06_2026,1,gov.br,"ÃO Nº 33, DE 3 DE JUNHO DE 2026 - RESOLUÇÃO Nº 33, DE 3 DE JUNHO DE 202... https://www.in.gov.br/web/dou/-/resolucao-n-33-de-3-de-junho-de-2026-712062510 1 of 2 6/17/2026, 10:53 AM ====="
fala_brasil,resolucao-no-33_03_06_2026,2,gov.br,"ÃO Nº 33, DE 3 DE JUNHO DE 2026 - RESOLUÇÃO Nº 33, DE 3 DE JUNHO DE 202... https://www.in.gov.br/web/dou/-/resolucao-n-33-de-3-de-junho-de-2026-712062510 2 of 2 6/17/2026, 10:53 AM"
fala_brasil,resolucao_n__3__de_13_de_junho_de_2022,1,gov.br,"DE 2022 - RESOLUÇÃO Nº 3, DE 13 DE JUNHO DE 2022 - DOU - Imprensa Nacional https://www.in.gov.br/en/web/dou/-/resolucao-n-3-de-13-de-junho-de-2022-408493130 1/1 DIÁRIO OFICIAL DA UNIÃO P"
fala_brasil,resolucao_n__3__de_13_de_junho_de_2022,1,gov.br,ma do Anexo desta Resolução. Art. 2º A imagem do ﬂuxograma está disponível em https://www.gov.br/secretariageral/pt- br/moderniza-brasil/identiﬁcacao-do-cidadao/ceﬁc/CarteiradeIdentidade
fala_brasil,ret_res24,1,gov.br,"na versão certiﬁcada. Retificação - Retificação - DOU - Imprensa Nacional https://www.in.gov.br/en/web/dou/-/retificacao-659631449 1 of 1 4/27/2026, 3:49 PM"
fala_brasil,retificacao___retificacao___dou___imprensa_nacional,1,gov.br,"ﬁcada. 14/02/25, 18:14 Retificação - Retificação - DOU - Imprensa Nacional https://www.in.gov.br/en/web/dou/-/retificacao-612567405 1/1"
tier_iii,res21,3,Tier III,"onais em diferentes localizações, com capacidade de resiliência operacional e certiﬁcação Tier III; 3.4. implementar um Disaster Recovery Layer -DRL de contingência aos sítios; 3.5. implem"
sitios_operacionais,res21,3,sítios operacion,"permita a interoperabilidade entre diferentes tecnologias; 3.3. possuir, no mínimo, dois sítios operacionais em diferentes localizações, com capacidade de resiliência operacional e certiﬁcação Ti"
preferencia_normativa,ABNT-NBR-17225-Acessibilidade-Digital,41,preferencialmente,"visível do componente ou do seu rótulo; ou — O nome acessível contém o texto visível, preferencialmente no início. C. S. 2.5.3, Nível de conformidade A 5.13.8 Mensagens de status – Requisito To"
preferencia_normativa,ABNT-NBR-17225-Acessibilidade-Digital,74,preferencialmente,"exto visível do componente ou do seu rótulo; ou O nome acessível contém o texto visível, preferencialmente no início. Requisito 2.5.3 (A) Sim Não N/A 5.13.8 Mensagens de status Todas as mensagens"
preferencia_normativa,L13709,5,sempre que possível,"apítulo IV desta Lei; IV - para a realização de estudos por órgão de pesquisa, garantida, sempre que possível, a anonimização dos dados pessoais; V - quando necessário para a execução de contrato ou"
preferencia_normativa,L13709,7,sempre que possível,"istas em leis ou regulamentos; c) realização de estudos por órgão de pesquisa, garantida, sempre que possível, a anonimização dos dados pessoais sensíveis; d) exercício regular de direitos, inclusive"
preferencia_normativa,L13709,8,sempre que possível,"seguro, conforme práticas de segurança previstas em regulamento específico e que incluam, sempre que possível, a anonimização ou pseudonimização dos dados, bem como considerem os devidos padrões étic"
preferencia_normativa,L13709,9,sempre que possível,"ação legal ou regulatória pelo controlador; II - estudo por órgão de pesquisa, garantida, sempre que possível, a anonimização dos dados pessoais; III - transferência a terceiro, desde que respeitados"
preferencia_normativa,L13709,10,sempre que possível,"resposta em que poderá: I - comunicar que não é agente de tratamento dos dados e indicar, sempre que possível, o agente; ou II - indicar as razões de fato ou de direito que impedem a adoção imediata"
preferencia_normativa,L13709,11,preferencialmente,"e as práticas utilizadas para a execução dessas atividades, em veículos de fácil acesso, preferencialmente em seus sítios eletrônicos; II - (VETADO); e III - seja indicado um encarregado quando re"
preferencia_normativa,L13709,15,preferencialmente,"de contato do encarregado deverão ser divulgadas publicamente, de forma clara e objetiva, preferencialmente no sítio eletrônico do controlador. § 2º As atividades do encarregado consistem em: I - a"
preferencia_normativa,res1,6,preferencialmente,"tados, debates ocorridos e as deliberações tomadas. §1° As atas serão confeccionadas preferencialmente em documento eletrônico e serão assinadas pelo responsável pela sua lavratura e pelo"
preferencia_normativa,res10,6,preferencialmente,"ados, debates ocorridos e as deliberações tomadas. § 1º Os registros serão confeccionados preferencialmente em documento eletrônico e serão assinados pelo responsável pela sua compilação e pelo Sec"
preferencia_normativa,res21,3,preferencialmente,"rutura e de solução tecnológica: 3.1. estar hospedado em território nacional; 3.2. ter, preferencialmente, mais de um fornecedor dos algoritmos do motor biométrico, integrados por meio d"
preferencia_normativa,res4,4,sempre que possível,"rmação. A SGD comunicará ao órgão com antecedência de 30 dias; g. Os sistemas integrados, sempre que possível, deverão ter mecanismo que permitam seu funcionamento mesmo quando os serviços de i"
preferencia_normativa,res4,4,preferencialmente,"e as práticas utilizadas para a execução dessas atividades, em veículos de fácil acesso, preferencialmente em seus sítios eletrônicos; j. A Secretaria de Governo Digital poderá, nos termos"
preferencia_normativa,resolucao-no-32_03_06_2026,2,preferencialmente,"s mecanismos de validação disponíveis. § 2º O cancelamento por falecimento será realizado preferencialmente por integração sistêmica com bases oﬁciais de registro civil, quando disponível. Art. 5º"
